filename,class
Batik Cap Asem Arang/asem arang (10).JPG,Batik Cap Asem Arang
Batik Cap Asem Arang/asem arang (100).JPG,Batik Cap Asem Arang
Batik Cap Asem Arang/asem arang (101).JPG,Batik Cap Asem Arang
Batik Cap Asem Arang/asem arang (102).JPG,Batik Cap Asem Arang
Batik Cap Asem Arang/asem arang (103).JPG,Batik Cap Asem Arang
Batik Cap Asem Arang/asem arang (104).JPG,Batik Cap Asem Arang
Batik Cap Asem Arang/asem arang (105).JPG,Batik Cap Asem Arang
Batik Cap Asem Arang/asem arang (106).JPG,Batik Cap Asem Arang
Batik Cap Asem Arang/asem arang (107).JPG,Batik Cap Asem Arang
Batik Cap Asem Arang/asem arang (108).JPG,Batik Cap Asem Arang
Batik Cap Asem Arang/asem arang (109).JPG,Batik Cap Asem Arang
Batik Cap Asem Arang/asem arang (11).JPG,Batik Cap Asem Arang
Batik Cap Asem Arang/asem arang (110).JPG,Batik Cap Asem Arang
Batik Cap Asem Arang/asem arang (111).JPG,Batik Cap Asem Arang
Batik Cap Asem Arang/asem arang (112).JPG,Batik Cap Asem Arang
Batik Cap Asem Arang/asem arang (113).JPG,Batik Cap Asem Arang
Batik Cap Asem Arang/asem arang (114).JPG,Batik Cap Asem Arang
Batik Cap Asem Arang/asem arang (115).JPG,Batik Cap Asem Arang
Batik Cap Asem Arang/asem arang (116).JPG,Batik Cap Asem Arang
Batik Cap Asem Arang/asem arang (117).JPG,Batik Cap Asem Arang
Batik Cap Asem Arang/asem arang (118).JPG,Batik Cap Asem Arang
Batik Cap Asem Arang/asem arang (119).JPG,Batik Cap Asem Arang
Batik Cap Asem Arang/asem arang (12).JPG,Batik Cap Asem Arang
Batik Cap Asem Arang/asem arang (120).JPG,Batik Cap Asem Arang
Batik Cap Asem Arang/asem arang (121).JPG,Batik Cap Asem Arang
Batik Cap Asem Arang/asem arang (122).JPG,Batik Cap Asem Arang
Batik Cap Asem Arang/asem arang (123).JPG,Batik Cap Asem Arang
Batik Cap Asem Arang/asem arang (124).JPG,Batik Cap Asem Arang
Batik Cap Asem Arang/asem arang (125).JPG,Batik Cap Asem Arang
Batik Cap Asem Arang/asem arang (126).JPG,Batik Cap Asem Arang
Batik Cap Asem Arang/asem arang (127).JPG,Batik Cap Asem Arang
Batik Cap Asem Arang/asem arang (128).JPG,Batik Cap Asem Arang
Batik Cap Asem Arang/asem arang (129).JPG,Batik Cap Asem Arang
Batik Cap Asem Arang/asem arang (13).JPG,Batik Cap Asem Arang
Batik Cap Asem Arang/asem arang (130).JPG,Batik Cap Asem Arang
Batik Cap Asem Arang/asem arang (131).JPG,Batik Cap Asem Arang
Batik Cap Asem Arang/asem arang (132).JPG,Batik Cap Asem Arang
Batik Cap Asem Arang/asem arang (133).JPG,Batik Cap Asem Arang
Batik Cap Asem Arang/asem arang (134).JPG,Batik Cap Asem Arang
Batik Cap Asem Arang/asem arang (135).JPG,Batik Cap Asem Arang
Batik Cap Asem Arang/asem arang (136).JPG,Batik Cap Asem Arang
Batik Cap Asem Arang/asem arang (137).JPG,Batik Cap Asem Arang
Batik Cap Asem Arang/asem arang (138).JPG,Batik Cap Asem Arang
Batik Cap Asem Arang/asem arang (139).JPG,Batik Cap Asem Arang
Batik Cap Asem Arang/asem arang (14).JPG,Batik Cap Asem Arang
Batik Cap Asem Arang/asem arang (140).JPG,Batik Cap Asem Arang
Batik Cap Asem Arang/asem arang (141).JPG,Batik Cap Asem Arang
Batik Cap Asem Arang/asem arang (142).JPG,Batik Cap Asem Arang
Batik Cap Asem Arang/asem arang (143).JPG,Batik Cap Asem Arang
Batik Cap Asem Arang/asem arang (144).JPG,Batik Cap Asem Arang
Batik Cap Asem Arang/asem arang (145).JPG,Batik Cap Asem Arang
Batik Cap Asem Arang/asem arang (146).JPG,Batik Cap Asem Arang
Batik Cap Asem Arang/asem arang (147).JPG,Batik Cap Asem Arang
Batik Cap Asem Arang/asem arang (148).JPG,Batik Cap Asem Arang
Batik Cap Asem Arang/asem arang (149).JPG,Batik Cap Asem Arang
Batik Cap Asem Arang/asem arang (15).JPG,Batik Cap Asem Arang
Batik Cap Asem Arang/asem arang (150).JPG,Batik Cap Asem Arang
Batik Cap Asem Arang/asem arang (151).JPG,Batik Cap Asem Arang
Batik Cap Asem Arang/asem arang (152).JPG,Batik Cap Asem Arang
Batik Cap Asem Arang/asem arang (153).JPG,Batik Cap Asem Arang
Batik Cap Asem Arang/asem arang (154).JPG,Batik Cap Asem Arang
Batik Cap Asem Arang/asem arang (155).JPG,Batik Cap Asem Arang
Batik Cap Asem Arang/asem arang (156).JPG,Batik Cap Asem Arang
Batik Cap Asem Arang/asem arang (157).JPG,Batik Cap Asem Arang
Batik Cap Asem Arang/asem arang (158).JPG,Batik Cap Asem Arang
Batik Cap Asem Arang/asem arang (159).JPG,Batik Cap Asem Arang
Batik Cap Asem Arang/asem arang (16).JPG,Batik Cap Asem Arang
Batik Cap Asem Arang/asem arang (160).JPG,Batik Cap Asem Arang
Batik Cap Asem Arang/asem arang (161).JPG,Batik Cap Asem Arang
Batik Cap Asem Arang/asem arang (162).JPG,Batik Cap Asem Arang
Batik Cap Asem Arang/asem arang (163).JPG,Batik Cap Asem Arang
Batik Cap Asem Arang/asem arang (164).JPG,Batik Cap Asem Arang
Batik Cap Asem Arang/asem arang (165).JPG,Batik Cap Asem Arang
Batik Cap Asem Arang/asem arang (166).JPG,Batik Cap Asem Arang
Batik Cap Asem Arang/asem arang (167).JPG,Batik Cap Asem Arang
Batik Cap Asem Arang/asem arang (168).JPG,Batik Cap Asem Arang
Batik Cap Asem Arang/asem arang (17).JPG,Batik Cap Asem Arang
Batik Cap Asem Arang/asem arang (177).JPG,Batik Cap Asem Arang
Batik Cap Asem Arang/asem arang (178).JPG,Batik Cap Asem Arang
Batik Cap Asem Arang/asem arang (179).JPG,Batik Cap Asem Arang
Batik Cap Asem Arang/asem arang (18).JPG,Batik Cap Asem Arang
Batik Cap Asem Arang/asem arang (180).JPG,Batik Cap Asem Arang
Batik Cap Asem Arang/asem arang (181).JPG,Batik Cap Asem Arang
Batik Cap Asem Arang/asem arang (182).JPG,Batik Cap Asem Arang
Batik Cap Asem Arang/asem arang (183).JPG,Batik Cap Asem Arang
Batik Cap Asem Arang/asem arang (184).JPG,Batik Cap Asem Arang
Batik Cap Asem Arang/asem arang (185).JPG,Batik Cap Asem Arang
Batik Cap Asem Arang/asem arang (186).JPG,Batik Cap Asem Arang
Batik Cap Asem Arang/asem arang (187).JPG,Batik Cap Asem Arang
Batik Cap Asem Arang/asem arang (188).JPG,Batik Cap Asem Arang
Batik Cap Asem Arang/asem arang (189).JPG,Batik Cap Asem Arang
Batik Cap Asem Arang/asem arang (19).JPG,Batik Cap Asem Arang
Batik Cap Asem Arang/asem arang (190).JPG,Batik Cap Asem Arang
Batik Cap Asem Arang/asem arang (191).JPG,Batik Cap Asem Arang
Batik Cap Asem Arang/asem arang (192).JPG,Batik Cap Asem Arang
Batik Cap Asem Arang/asem arang (193).JPG,Batik Cap Asem Arang
Batik Cap Asem Arang/asem arang (194).JPG,Batik Cap Asem Arang
Batik Cap Asem Arang/asem arang (195).JPG,Batik Cap Asem Arang
Batik Cap Asem Arang/asem arang (196).JPG,Batik Cap Asem Arang
Batik Cap Asem Arang/asem arang (197).JPG,Batik Cap Asem Arang
Batik Cap Asem Arang/asem arang (198).JPG,Batik Cap Asem Arang
Batik Cap Asem Arang/asem arang (199).JPG,Batik Cap Asem Arang
Batik Cap Asem Arang/asem arang (20).JPG,Batik Cap Asem Arang
Batik Cap Asem Arang/asem arang (200).JPG,Batik Cap Asem Arang
Batik Cap Asem Arang/asem arang (201).JPG,Batik Cap Asem Arang
Batik Cap Asem Arang/asem arang (202).JPG,Batik Cap Asem Arang
Batik Cap Asem Arang/asem arang (203).JPG,Batik Cap Asem Arang
Batik Cap Asem Arang/asem arang (204).JPG,Batik Cap Asem Arang
Batik Cap Asem Arang/asem arang (205).JPG,Batik Cap Asem Arang
Batik Cap Asem Arang/asem arang (206).JPG,Batik Cap Asem Arang
Batik Cap Asem Arang/asem arang (207).JPG,Batik Cap Asem Arang
Batik Cap Asem Arang/asem arang (208).JPG,Batik Cap Asem Arang
Batik Cap Asem Arang/asem arang (209).JPG,Batik Cap Asem Arang
Batik Cap Asem Arang/asem arang (21).JPG,Batik Cap Asem Arang
Batik Cap Asem Arang/asem arang (210).JPG,Batik Cap Asem Arang
Batik Cap Asem Arang/asem arang (211).JPG,Batik Cap Asem Arang
Batik Cap Asem Arang/asem arang (212).JPG,Batik Cap Asem Arang
Batik Cap Asem Arang/asem arang (213).JPG,Batik Cap Asem Arang
Batik Cap Asem Arang/asem arang (214).JPG,Batik Cap Asem Arang
Batik Cap Asem Arang/asem arang (215).JPG,Batik Cap Asem Arang
Batik Cap Asem Arang/asem arang (216).JPG,Batik Cap Asem Arang
Batik Cap Asem Arang/asem arang (217).JPG,Batik Cap Asem Arang
Batik Cap Asem Arang/asem arang (218).JPG,Batik Cap Asem Arang
Batik Cap Asem Arang/asem arang (219).JPG,Batik Cap Asem Arang
Batik Cap Asem Arang/asem arang (22).JPG,Batik Cap Asem Arang
Batik Cap Asem Arang/asem arang (220).JPG,Batik Cap Asem Arang
Batik Cap Asem Arang/asem arang (221).JPG,Batik Cap Asem Arang
Batik Cap Asem Arang/asem arang (222).JPG,Batik Cap Asem Arang
Batik Cap Asem Arang/asem arang (223).JPG,Batik Cap Asem Arang
Batik Cap Asem Arang/asem arang (224).JPG,Batik Cap Asem Arang
Batik Cap Asem Arang/asem arang (225).JPG,Batik Cap Asem Arang
Batik Cap Asem Arang/asem arang (226).JPG,Batik Cap Asem Arang
Batik Cap Asem Arang/asem arang (227).JPG,Batik Cap Asem Arang
Batik Cap Asem Arang/asem arang (228).JPG,Batik Cap Asem Arang
Batik Cap Asem Arang/asem arang (229).JPG,Batik Cap Asem Arang
Batik Cap Asem Arang/asem arang (23).JPG,Batik Cap Asem Arang
Batik Cap Asem Arang/asem arang (230).JPG,Batik Cap Asem Arang
Batik Cap Asem Arang/asem arang (231).JPG,Batik Cap Asem Arang
Batik Cap Asem Arang/asem arang (232).JPG,Batik Cap Asem Arang
Batik Cap Asem Arang/asem arang (233).JPG,Batik Cap Asem Arang
Batik Cap Asem Arang/asem arang (234).JPG,Batik Cap Asem Arang
Batik Cap Asem Arang/asem arang (235).JPG,Batik Cap Asem Arang
Batik Cap Asem Arang/asem arang (236).JPG,Batik Cap Asem Arang
Batik Cap Asem Arang/asem arang (237).JPG,Batik Cap Asem Arang
Batik Cap Asem Arang/asem arang (238).JPG,Batik Cap Asem Arang
Batik Cap Asem Arang/asem arang (239).JPG,Batik Cap Asem Arang
Batik Cap Asem Arang/asem arang (24).JPG,Batik Cap Asem Arang
Batik Cap Asem Arang/asem arang (240).JPG,Batik Cap Asem Arang
Batik Cap Asem Arang/asem arang (241).JPG,Batik Cap Asem Arang
Batik Cap Asem Arang/asem arang (242).JPG,Batik Cap Asem Arang
Batik Cap Asem Arang/asem arang (243).JPG,Batik Cap Asem Arang
Batik Cap Asem Arang/asem arang (244).JPG,Batik Cap Asem Arang
Batik Cap Asem Arang/asem arang (245).JPG,Batik Cap Asem Arang
Batik Cap Asem Arang/asem arang (246).JPG,Batik Cap Asem Arang
Batik Cap Asem Arang/asem arang (247).JPG,Batik Cap Asem Arang
Batik Cap Asem Arang/asem arang (248).JPG,Batik Cap Asem Arang
Batik Cap Asem Arang/asem arang (249).JPG,Batik Cap Asem Arang
Batik Cap Asem Arang/asem arang (25).JPG,Batik Cap Asem Arang
Batik Cap Asem Arang/asem arang (250).JPG,Batik Cap Asem Arang
Batik Cap Asem Arang/asem arang (251).JPG,Batik Cap Asem Arang
Batik Cap Asem Arang/asem arang (252).JPG,Batik Cap Asem Arang
Batik Cap Asem Arang/asem arang (253).JPG,Batik Cap Asem Arang
Batik Cap Asem Arang/asem arang (254).JPG,Batik Cap Asem Arang
Batik Cap Asem Arang/asem arang (255).JPG,Batik Cap Asem Arang
Batik Cap Asem Arang/asem arang (256).JPG,Batik Cap Asem Arang
Batik Cap Asem Arang/asem arang (257).JPG,Batik Cap Asem Arang
Batik Cap Asem Arang/asem arang (258).JPG,Batik Cap Asem Arang
Batik Cap Asem Arang/asem arang (259).JPG,Batik Cap Asem Arang
Batik Cap Asem Arang/asem arang (26).JPG,Batik Cap Asem Arang
Batik Cap Asem Arang/asem arang (260).JPG,Batik Cap Asem Arang
Batik Cap Asem Arang/asem arang (261).JPG,Batik Cap Asem Arang
Batik Cap Asem Arang/asem arang (262).JPG,Batik Cap Asem Arang
Batik Cap Asem Arang/asem arang (263).JPG,Batik Cap Asem Arang
Batik Cap Asem Arang/asem arang (264).JPG,Batik Cap Asem Arang
Batik Cap Asem Arang/asem arang (265).JPG,Batik Cap Asem Arang
Batik Cap Asem Arang/asem arang (266).JPG,Batik Cap Asem Arang
Batik Cap Asem Arang/asem arang (267).JPG,Batik Cap Asem Arang
Batik Cap Asem Arang/asem arang (268).JPG,Batik Cap Asem Arang
Batik Cap Asem Arang/asem arang (269).JPG,Batik Cap Asem Arang
Batik Cap Asem Arang/asem arang (27).JPG,Batik Cap Asem Arang
Batik Cap Asem Arang/asem arang (270).JPG,Batik Cap Asem Arang
Batik Cap Asem Arang/asem arang (271).JPG,Batik Cap Asem Arang
Batik Cap Asem Arang/asem arang (272).JPG,Batik Cap Asem Arang
Batik Cap Asem Arang/asem arang (273).JPG,Batik Cap Asem Arang
Batik Cap Asem Arang/asem arang (274).JPG,Batik Cap Asem Arang
Batik Cap Asem Arang/asem arang (275).JPG,Batik Cap Asem Arang
Batik Cap Asem Arang/asem arang (276).JPG,Batik Cap Asem Arang
Batik Cap Asem Arang/asem arang (277).JPG,Batik Cap Asem Arang
Batik Cap Asem Arang/asem arang (278).JPG,Batik Cap Asem Arang
Batik Cap Asem Arang/asem arang (279).JPG,Batik Cap Asem Arang
Batik Cap Asem Arang/asem arang (28).JPG,Batik Cap Asem Arang
Batik Cap Asem Arang/asem arang (280).JPG,Batik Cap Asem Arang
Batik Cap Asem Arang/asem arang (281).JPG,Batik Cap Asem Arang
Batik Cap Asem Arang/asem arang (282).JPG,Batik Cap Asem Arang
Batik Cap Asem Arang/asem arang (283).JPG,Batik Cap Asem Arang
Batik Cap Asem Arang/asem arang (284).JPG,Batik Cap Asem Arang
Batik Cap Asem Arang/asem arang (285).JPG,Batik Cap Asem Arang
Batik Cap Asem Arang/asem arang (286).JPG,Batik Cap Asem Arang
Batik Cap Asem Arang/asem arang (287).JPG,Batik Cap Asem Arang
Batik Cap Asem Arang/asem arang (288).JPG,Batik Cap Asem Arang
Batik Cap Asem Arang/asem arang (289).JPG,Batik Cap Asem Arang
Batik Cap Asem Arang/asem arang (29).JPG,Batik Cap Asem Arang
Batik Cap Asem Arang/asem arang (290).JPG,Batik Cap Asem Arang
Batik Cap Asem Arang/asem arang (291).JPG,Batik Cap Asem Arang
Batik Cap Asem Arang/asem arang (292).JPG,Batik Cap Asem Arang
Batik Cap Asem Arang/asem arang (293).JPG,Batik Cap Asem Arang
Batik Cap Asem Arang/asem arang (294).JPG,Batik Cap Asem Arang
Batik Cap Asem Arang/asem arang (295).JPG,Batik Cap Asem Arang
Batik Cap Asem Arang/asem arang (296).JPG,Batik Cap Asem Arang
Batik Cap Asem Arang/asem arang (297).JPG,Batik Cap Asem Arang
Batik Cap Asem Arang/asem arang (298).JPG,Batik Cap Asem Arang
Batik Cap Asem Arang/asem arang (299).JPG,Batik Cap Asem Arang
Batik Cap Asem Arang/asem arang (30).JPG,Batik Cap Asem Arang
Batik Cap Asem Arang/asem arang (300).JPG,Batik Cap Asem Arang
Batik Cap Asem Arang/asem arang (31).JPG,Batik Cap Asem Arang
Batik Cap Asem Arang/asem arang (32).JPG,Batik Cap Asem Arang
Batik Cap Asem Arang/asem arang (33).JPG,Batik Cap Asem Arang
Batik Cap Asem Arang/asem arang (34).JPG,Batik Cap Asem Arang
Batik Cap Asem Arang/asem arang (35).JPG,Batik Cap Asem Arang
Batik Cap Asem Arang/asem arang (36).JPG,Batik Cap Asem Arang
Batik Cap Asem Arang/asem arang (37).JPG,Batik Cap Asem Arang
Batik Cap Asem Arang/asem arang (38).JPG,Batik Cap Asem Arang
Batik Cap Asem Arang/asem arang (39).JPG,Batik Cap Asem Arang
Batik Cap Asem Arang/asem arang (40).JPG,Batik Cap Asem Arang
Batik Cap Asem Arang/asem arang (41).JPG,Batik Cap Asem Arang
Batik Cap Asem Arang/asem arang (42).JPG,Batik Cap Asem Arang
Batik Cap Asem Arang/asem arang (43).JPG,Batik Cap Asem Arang
Batik Cap Asem Arang/asem arang (44).JPG,Batik Cap Asem Arang
Batik Cap Asem Arang/asem arang (45).JPG,Batik Cap Asem Arang
Batik Cap Asem Arang/asem arang (46).JPG,Batik Cap Asem Arang
Batik Cap Asem Arang/asem arang (47).JPG,Batik Cap Asem Arang
Batik Cap Asem Arang/asem arang (48).JPG,Batik Cap Asem Arang
Batik Cap Asem Arang/asem arang (49).JPG,Batik Cap Asem Arang
Batik Cap Asem Arang/asem arang (50).JPG,Batik Cap Asem Arang
Batik Cap Asem Arang/asem arang (51).JPG,Batik Cap Asem Arang
Batik Cap Asem Arang/asem arang (52).JPG,Batik Cap Asem Arang
Batik Cap Asem Arang/asem arang (53).JPG,Batik Cap Asem Arang
Batik Cap Asem Arang/asem arang (54).JPG,Batik Cap Asem Arang
Batik Cap Asem Arang/asem arang (55).JPG,Batik Cap Asem Arang
Batik Cap Asem Arang/asem arang (56).JPG,Batik Cap Asem Arang
Batik Cap Asem Arang/asem arang (57).JPG,Batik Cap Asem Arang
Batik Cap Asem Arang/asem arang (58).JPG,Batik Cap Asem Arang
Batik Cap Asem Arang/asem arang (59).JPG,Batik Cap Asem Arang
Batik Cap Asem Arang/asem arang (60).JPG,Batik Cap Asem Arang
Batik Cap Asem Arang/asem arang (61).JPG,Batik Cap Asem Arang
Batik Cap Asem Arang/asem arang (62).JPG,Batik Cap Asem Arang
Batik Cap Asem Arang/asem arang (63).JPG,Batik Cap Asem Arang
Batik Cap Asem Arang/asem arang (64).JPG,Batik Cap Asem Arang
Batik Cap Asem Arang/asem arang (65).JPG,Batik Cap Asem Arang
Batik Cap Asem Arang/asem arang (66).JPG,Batik Cap Asem Arang
Batik Cap Asem Arang/asem arang (67).JPG,Batik Cap Asem Arang
Batik Cap Asem Arang/asem arang (68).JPG,Batik Cap Asem Arang
Batik Cap Asem Arang/asem arang (69).JPG,Batik Cap Asem Arang
Batik Cap Asem Arang/asem arang (70).JPG,Batik Cap Asem Arang
Batik Cap Asem Arang/asem arang (71).JPG,Batik Cap Asem Arang
Batik Cap Asem Arang/asem arang (72).JPG,Batik Cap Asem Arang
Batik Cap Asem Arang/asem arang (73).JPG,Batik Cap Asem Arang
Batik Cap Asem Arang/asem arang (74).JPG,Batik Cap Asem Arang
Batik Cap Asem Arang/asem arang (75).JPG,Batik Cap Asem Arang
Batik Cap Asem Arang/asem arang (76).JPG,Batik Cap Asem Arang
Batik Cap Asem Arang/asem arang (77).JPG,Batik Cap Asem Arang
Batik Cap Asem Arang/asem arang (78).JPG,Batik Cap Asem Arang
Batik Cap Asem Arang/asem arang (79).JPG,Batik Cap Asem Arang
Batik Cap Asem Arang/asem arang (80).JPG,Batik Cap Asem Arang
Batik Cap Asem Arang/asem arang (81).JPG,Batik Cap Asem Arang
Batik Cap Asem Arang/asem arang (82).JPG,Batik Cap Asem Arang
Batik Cap Asem Arang/asem arang (83).JPG,Batik Cap Asem Arang
Batik Cap Asem Arang/asem arang (84).JPG,Batik Cap Asem Arang
Batik Cap Asem Arang/asem arang (85).JPG,Batik Cap Asem Arang
Batik Cap Asem Arang/asem arang (86).JPG,Batik Cap Asem Arang
Batik Cap Asem Arang/asem arang (87).JPG,Batik Cap Asem Arang
Batik Cap Asem Arang/asem arang (88).JPG,Batik Cap Asem Arang
Batik Cap Asem Arang/asem arang (89).JPG,Batik Cap Asem Arang
Batik Cap Asem Arang/asem arang (9).JPG,Batik Cap Asem Arang
Batik Cap Asem Arang/asem arang (90).JPG,Batik Cap Asem Arang
Batik Cap Asem Arang/asem arang (91).JPG,Batik Cap Asem Arang
Batik Cap Asem Arang/asem arang (92).JPG,Batik Cap Asem Arang
Batik Cap Asem Arang/asem arang (93).JPG,Batik Cap Asem Arang
Batik Cap Asem Arang/asem arang (94).JPG,Batik Cap Asem Arang
Batik Cap Asem Arang/asem arang (95).JPG,Batik Cap Asem Arang
Batik Cap Asem Arang/asem arang (96).JPG,Batik Cap Asem Arang
Batik Cap Asem Arang/asem arang (97).JPG,Batik Cap Asem Arang
Batik Cap Asem Arang/asem arang (98).JPG,Batik Cap Asem Arang
Batik Cap Asem Arang/asem arang (99).JPG,Batik Cap Asem Arang
Batik Cap Asem Sinom/Asem Sinom (1).JPG,Batik Cap Asem Sinom
Batik Cap Asem Sinom/Asem Sinom (10).JPG,Batik Cap Asem Sinom
Batik Cap Asem Sinom/Asem Sinom (100).JPG,Batik Cap Asem Sinom
Batik Cap Asem Sinom/Asem Sinom (101).JPG,Batik Cap Asem Sinom
Batik Cap Asem Sinom/Asem Sinom (102).JPG,Batik Cap Asem Sinom
Batik Cap Asem Sinom/Asem Sinom (103).JPG,Batik Cap Asem Sinom
Batik Cap Asem Sinom/Asem Sinom (104).JPG,Batik Cap Asem Sinom
Batik Cap Asem Sinom/Asem Sinom (105).JPG,Batik Cap Asem Sinom
Batik Cap Asem Sinom/Asem Sinom (106).JPG,Batik Cap Asem Sinom
Batik Cap Asem Sinom/Asem Sinom (107).JPG,Batik Cap Asem Sinom
Batik Cap Asem Sinom/Asem Sinom (108).JPG,Batik Cap Asem Sinom
Batik Cap Asem Sinom/Asem Sinom (109).JPG,Batik Cap Asem Sinom
Batik Cap Asem Sinom/Asem Sinom (11).JPG,Batik Cap Asem Sinom
Batik Cap Asem Sinom/Asem Sinom (110).JPG,Batik Cap Asem Sinom
Batik Cap Asem Sinom/Asem Sinom (111).JPG,Batik Cap Asem Sinom
Batik Cap Asem Sinom/Asem Sinom (112).JPG,Batik Cap Asem Sinom
Batik Cap Asem Sinom/Asem Sinom (113).JPG,Batik Cap Asem Sinom
Batik Cap Asem Sinom/Asem Sinom (114).JPG,Batik Cap Asem Sinom
Batik Cap Asem Sinom/Asem Sinom (115).JPG,Batik Cap Asem Sinom
Batik Cap Asem Sinom/Asem Sinom (116).JPG,Batik Cap Asem Sinom
Batik Cap Asem Sinom/Asem Sinom (117).JPG,Batik Cap Asem Sinom
Batik Cap Asem Sinom/Asem Sinom (118).JPG,Batik Cap Asem Sinom
Batik Cap Asem Sinom/Asem Sinom (119).JPG,Batik Cap Asem Sinom
Batik Cap Asem Sinom/Asem Sinom (12).JPG,Batik Cap Asem Sinom
Batik Cap Asem Sinom/Asem Sinom (120).JPG,Batik Cap Asem Sinom
Batik Cap Asem Sinom/Asem Sinom (121).JPG,Batik Cap Asem Sinom
Batik Cap Asem Sinom/Asem Sinom (122).JPG,Batik Cap Asem Sinom
Batik Cap Asem Sinom/Asem Sinom (123).JPG,Batik Cap Asem Sinom
Batik Cap Asem Sinom/Asem Sinom (124).JPG,Batik Cap Asem Sinom
Batik Cap Asem Sinom/Asem Sinom (125).JPG,Batik Cap Asem Sinom
Batik Cap Asem Sinom/Asem Sinom (126).JPG,Batik Cap Asem Sinom
Batik Cap Asem Sinom/Asem Sinom (127).JPG,Batik Cap Asem Sinom
Batik Cap Asem Sinom/Asem Sinom (128).JPG,Batik Cap Asem Sinom
Batik Cap Asem Sinom/Asem Sinom (129).JPG,Batik Cap Asem Sinom
Batik Cap Asem Sinom/Asem Sinom (13).JPG,Batik Cap Asem Sinom
Batik Cap Asem Sinom/Asem Sinom (130).JPG,Batik Cap Asem Sinom
Batik Cap Asem Sinom/Asem Sinom (131).JPG,Batik Cap Asem Sinom
Batik Cap Asem Sinom/Asem Sinom (132).JPG,Batik Cap Asem Sinom
Batik Cap Asem Sinom/Asem Sinom (133).JPG,Batik Cap Asem Sinom
Batik Cap Asem Sinom/Asem Sinom (134).JPG,Batik Cap Asem Sinom
Batik Cap Asem Sinom/Asem Sinom (135).JPG,Batik Cap Asem Sinom
Batik Cap Asem Sinom/Asem Sinom (136).JPG,Batik Cap Asem Sinom
Batik Cap Asem Sinom/Asem Sinom (137).JPG,Batik Cap Asem Sinom
Batik Cap Asem Sinom/Asem Sinom (138).JPG,Batik Cap Asem Sinom
Batik Cap Asem Sinom/Asem Sinom (139).JPG,Batik Cap Asem Sinom
Batik Cap Asem Sinom/Asem Sinom (14).JPG,Batik Cap Asem Sinom
Batik Cap Asem Sinom/Asem Sinom (140).JPG,Batik Cap Asem Sinom
Batik Cap Asem Sinom/Asem Sinom (141).JPG,Batik Cap Asem Sinom
Batik Cap Asem Sinom/Asem Sinom (142).JPG,Batik Cap Asem Sinom
Batik Cap Asem Sinom/Asem Sinom (143).JPG,Batik Cap Asem Sinom
Batik Cap Asem Sinom/Asem Sinom (144).JPG,Batik Cap Asem Sinom
Batik Cap Asem Sinom/Asem Sinom (145).JPG,Batik Cap Asem Sinom
Batik Cap Asem Sinom/Asem Sinom (146).JPG,Batik Cap Asem Sinom
Batik Cap Asem Sinom/Asem Sinom (147).JPG,Batik Cap Asem Sinom
Batik Cap Asem Sinom/Asem Sinom (148).JPG,Batik Cap Asem Sinom
Batik Cap Asem Sinom/Asem Sinom (149).JPG,Batik Cap Asem Sinom
Batik Cap Asem Sinom/Asem Sinom (15).JPG,Batik Cap Asem Sinom
Batik Cap Asem Sinom/Asem Sinom (150).JPG,Batik Cap Asem Sinom
Batik Cap Asem Sinom/Asem Sinom (151).JPG,Batik Cap Asem Sinom
Batik Cap Asem Sinom/Asem Sinom (152).JPG,Batik Cap Asem Sinom
Batik Cap Asem Sinom/Asem Sinom (153).JPG,Batik Cap Asem Sinom
Batik Cap Asem Sinom/Asem Sinom (154).JPG,Batik Cap Asem Sinom
Batik Cap Asem Sinom/Asem Sinom (155).JPG,Batik Cap Asem Sinom
Batik Cap Asem Sinom/Asem Sinom (156).JPG,Batik Cap Asem Sinom
Batik Cap Asem Sinom/Asem Sinom (157).JPG,Batik Cap Asem Sinom
Batik Cap Asem Sinom/Asem Sinom (158).JPG,Batik Cap Asem Sinom
Batik Cap Asem Sinom/Asem Sinom (159).JPG,Batik Cap Asem Sinom
Batik Cap Asem Sinom/Asem Sinom (16).JPG,Batik Cap Asem Sinom
Batik Cap Asem Sinom/Asem Sinom (160).JPG,Batik Cap Asem Sinom
Batik Cap Asem Sinom/Asem Sinom (161).JPG,Batik Cap Asem Sinom
Batik Cap Asem Sinom/Asem Sinom (162).JPG,Batik Cap Asem Sinom
Batik Cap Asem Sinom/Asem Sinom (163).JPG,Batik Cap Asem Sinom
Batik Cap Asem Sinom/Asem Sinom (164).JPG,Batik Cap Asem Sinom
Batik Cap Asem Sinom/Asem Sinom (165).JPG,Batik Cap Asem Sinom
Batik Cap Asem Sinom/Asem Sinom (166).JPG,Batik Cap Asem Sinom
Batik Cap Asem Sinom/Asem Sinom (167).JPG,Batik Cap Asem Sinom
Batik Cap Asem Sinom/Asem Sinom (168).JPG,Batik Cap Asem Sinom
Batik Cap Asem Sinom/Asem Sinom (169).JPG,Batik Cap Asem Sinom
Batik Cap Asem Sinom/Asem Sinom (17).JPG,Batik Cap Asem Sinom
Batik Cap Asem Sinom/Asem Sinom (170).JPG,Batik Cap Asem Sinom
Batik Cap Asem Sinom/Asem Sinom (171).JPG,Batik Cap Asem Sinom
Batik Cap Asem Sinom/Asem Sinom (172).JPG,Batik Cap Asem Sinom
Batik Cap Asem Sinom/Asem Sinom (173).JPG,Batik Cap Asem Sinom
Batik Cap Asem Sinom/Asem Sinom (174).JPG,Batik Cap Asem Sinom
Batik Cap Asem Sinom/Asem Sinom (175).JPG,Batik Cap Asem Sinom
Batik Cap Asem Sinom/Asem Sinom (176).JPG,Batik Cap Asem Sinom
Batik Cap Asem Sinom/Asem Sinom (177).JPG,Batik Cap Asem Sinom
Batik Cap Asem Sinom/Asem Sinom (178).JPG,Batik Cap Asem Sinom
Batik Cap Asem Sinom/Asem Sinom (179).JPG,Batik Cap Asem Sinom
Batik Cap Asem Sinom/Asem Sinom (18).JPG,Batik Cap Asem Sinom
Batik Cap Asem Sinom/Asem Sinom (180).JPG,Batik Cap Asem Sinom
Batik Cap Asem Sinom/Asem Sinom (181).JPG,Batik Cap Asem Sinom
Batik Cap Asem Sinom/Asem Sinom (182).JPG,Batik Cap Asem Sinom
Batik Cap Asem Sinom/Asem Sinom (183).JPG,Batik Cap Asem Sinom
Batik Cap Asem Sinom/Asem Sinom (184).JPG,Batik Cap Asem Sinom
Batik Cap Asem Sinom/Asem Sinom (185).JPG,Batik Cap Asem Sinom
Batik Cap Asem Sinom/Asem Sinom (186).JPG,Batik Cap Asem Sinom
Batik Cap Asem Sinom/Asem Sinom (187).JPG,Batik Cap Asem Sinom
Batik Cap Asem Sinom/Asem Sinom (188).JPG,Batik Cap Asem Sinom
Batik Cap Asem Sinom/Asem Sinom (189).JPG,Batik Cap Asem Sinom
Batik Cap Asem Sinom/Asem Sinom (19).JPG,Batik Cap Asem Sinom
Batik Cap Asem Sinom/Asem Sinom (190).JPG,Batik Cap Asem Sinom
Batik Cap Asem Sinom/Asem Sinom (191).JPG,Batik Cap Asem Sinom
Batik Cap Asem Sinom/Asem Sinom (192).JPG,Batik Cap Asem Sinom
Batik Cap Asem Sinom/Asem Sinom (193).JPG,Batik Cap Asem Sinom
Batik Cap Asem Sinom/Asem Sinom (194).JPG,Batik Cap Asem Sinom
Batik Cap Asem Sinom/Asem Sinom (195).JPG,Batik Cap Asem Sinom
Batik Cap Asem Sinom/Asem Sinom (196).JPG,Batik Cap Asem Sinom
Batik Cap Asem Sinom/Asem Sinom (197).JPG,Batik Cap Asem Sinom
Batik Cap Asem Sinom/Asem Sinom (198).JPG,Batik Cap Asem Sinom
Batik Cap Asem Sinom/Asem Sinom (199).JPG,Batik Cap Asem Sinom
Batik Cap Asem Sinom/Asem Sinom (2).JPG,Batik Cap Asem Sinom
Batik Cap Asem Sinom/Asem Sinom (20).JPG,Batik Cap Asem Sinom
Batik Cap Asem Sinom/Asem Sinom (200).JPG,Batik Cap Asem Sinom
Batik Cap Asem Sinom/Asem Sinom (205).JPG,Batik Cap Asem Sinom
Batik Cap Asem Sinom/Asem Sinom (206).JPG,Batik Cap Asem Sinom
Batik Cap Asem Sinom/Asem Sinom (207).JPG,Batik Cap Asem Sinom
Batik Cap Asem Sinom/Asem Sinom (208).JPG,Batik Cap Asem Sinom
Batik Cap Asem Sinom/Asem Sinom (209).JPG,Batik Cap Asem Sinom
Batik Cap Asem Sinom/Asem Sinom (21).JPG,Batik Cap Asem Sinom
Batik Cap Asem Sinom/Asem Sinom (210).JPG,Batik Cap Asem Sinom
Batik Cap Asem Sinom/Asem Sinom (211).JPG,Batik Cap Asem Sinom
Batik Cap Asem Sinom/Asem Sinom (212).JPG,Batik Cap Asem Sinom
Batik Cap Asem Sinom/Asem Sinom (213).JPG,Batik Cap Asem Sinom
Batik Cap Asem Sinom/Asem Sinom (214).JPG,Batik Cap Asem Sinom
Batik Cap Asem Sinom/Asem Sinom (215).JPG,Batik Cap Asem Sinom
Batik Cap Asem Sinom/Asem Sinom (216).JPG,Batik Cap Asem Sinom
Batik Cap Asem Sinom/Asem Sinom (217).JPG,Batik Cap Asem Sinom
Batik Cap Asem Sinom/Asem Sinom (218).JPG,Batik Cap Asem Sinom
Batik Cap Asem Sinom/Asem Sinom (219).JPG,Batik Cap Asem Sinom
Batik Cap Asem Sinom/Asem Sinom (22).JPG,Batik Cap Asem Sinom
Batik Cap Asem Sinom/Asem Sinom (220).JPG,Batik Cap Asem Sinom
Batik Cap Asem Sinom/Asem Sinom (221).JPG,Batik Cap Asem Sinom
Batik Cap Asem Sinom/Asem Sinom (222).JPG,Batik Cap Asem Sinom
Batik Cap Asem Sinom/Asem Sinom (223).JPG,Batik Cap Asem Sinom
Batik Cap Asem Sinom/Asem Sinom (224).JPG,Batik Cap Asem Sinom
Batik Cap Asem Sinom/Asem Sinom (225).JPG,Batik Cap Asem Sinom
Batik Cap Asem Sinom/Asem Sinom (226).JPG,Batik Cap Asem Sinom
Batik Cap Asem Sinom/Asem Sinom (227).JPG,Batik Cap Asem Sinom
Batik Cap Asem Sinom/Asem Sinom (228).JPG,Batik Cap Asem Sinom
Batik Cap Asem Sinom/Asem Sinom (229).JPG,Batik Cap Asem Sinom
Batik Cap Asem Sinom/Asem Sinom (23).JPG,Batik Cap Asem Sinom
Batik Cap Asem Sinom/Asem Sinom (230).JPG,Batik Cap Asem Sinom
Batik Cap Asem Sinom/Asem Sinom (231).JPG,Batik Cap Asem Sinom
Batik Cap Asem Sinom/Asem Sinom (232).JPG,Batik Cap Asem Sinom
Batik Cap Asem Sinom/Asem Sinom (233).JPG,Batik Cap Asem Sinom
Batik Cap Asem Sinom/Asem Sinom (234).JPG,Batik Cap Asem Sinom
Batik Cap Asem Sinom/Asem Sinom (235).JPG,Batik Cap Asem Sinom
Batik Cap Asem Sinom/Asem Sinom (236).JPG,Batik Cap Asem Sinom
Batik Cap Asem Sinom/Asem Sinom (237).JPG,Batik Cap Asem Sinom
Batik Cap Asem Sinom/Asem Sinom (238).JPG,Batik Cap Asem Sinom
Batik Cap Asem Sinom/Asem Sinom (239).JPG,Batik Cap Asem Sinom
Batik Cap Asem Sinom/Asem Sinom (24).JPG,Batik Cap Asem Sinom
Batik Cap Asem Sinom/Asem Sinom (240).JPG,Batik Cap Asem Sinom
Batik Cap Asem Sinom/Asem Sinom (241).JPG,Batik Cap Asem Sinom
Batik Cap Asem Sinom/Asem Sinom (242).JPG,Batik Cap Asem Sinom
Batik Cap Asem Sinom/Asem Sinom (243).JPG,Batik Cap Asem Sinom
Batik Cap Asem Sinom/Asem Sinom (244).JPG,Batik Cap Asem Sinom
Batik Cap Asem Sinom/Asem Sinom (245).JPG,Batik Cap Asem Sinom
Batik Cap Asem Sinom/Asem Sinom (246).JPG,Batik Cap Asem Sinom
Batik Cap Asem Sinom/Asem Sinom (247).JPG,Batik Cap Asem Sinom
Batik Cap Asem Sinom/Asem Sinom (248).JPG,Batik Cap Asem Sinom
Batik Cap Asem Sinom/Asem Sinom (249).JPG,Batik Cap Asem Sinom
Batik Cap Asem Sinom/Asem Sinom (25).JPG,Batik Cap Asem Sinom
Batik Cap Asem Sinom/Asem Sinom (250).JPG,Batik Cap Asem Sinom
Batik Cap Asem Sinom/Asem Sinom (251).JPG,Batik Cap Asem Sinom
Batik Cap Asem Sinom/Asem Sinom (252).JPG,Batik Cap Asem Sinom
Batik Cap Asem Sinom/Asem Sinom (253).JPG,Batik Cap Asem Sinom
Batik Cap Asem Sinom/Asem Sinom (254).JPG,Batik Cap Asem Sinom
Batik Cap Asem Sinom/Asem Sinom (255).JPG,Batik Cap Asem Sinom
Batik Cap Asem Sinom/Asem Sinom (256).JPG,Batik Cap Asem Sinom
Batik Cap Asem Sinom/Asem Sinom (257).JPG,Batik Cap Asem Sinom
Batik Cap Asem Sinom/Asem Sinom (258).JPG,Batik Cap Asem Sinom
Batik Cap Asem Sinom/Asem Sinom (259).JPG,Batik Cap Asem Sinom
Batik Cap Asem Sinom/Asem Sinom (26).JPG,Batik Cap Asem Sinom
Batik Cap Asem Sinom/Asem Sinom (260).JPG,Batik Cap Asem Sinom
Batik Cap Asem Sinom/Asem Sinom (261).JPG,Batik Cap Asem Sinom
Batik Cap Asem Sinom/Asem Sinom (262).JPG,Batik Cap Asem Sinom
Batik Cap Asem Sinom/Asem Sinom (263).JPG,Batik Cap Asem Sinom
Batik Cap Asem Sinom/Asem Sinom (264).JPG,Batik Cap Asem Sinom
Batik Cap Asem Sinom/Asem Sinom (265).JPG,Batik Cap Asem Sinom
Batik Cap Asem Sinom/Asem Sinom (266).JPG,Batik Cap Asem Sinom
Batik Cap Asem Sinom/Asem Sinom (267).JPG,Batik Cap Asem Sinom
Batik Cap Asem Sinom/Asem Sinom (268).JPG,Batik Cap Asem Sinom
Batik Cap Asem Sinom/Asem Sinom (269).JPG,Batik Cap Asem Sinom
Batik Cap Asem Sinom/Asem Sinom (27).JPG,Batik Cap Asem Sinom
Batik Cap Asem Sinom/Asem Sinom (270).JPG,Batik Cap Asem Sinom
Batik Cap Asem Sinom/Asem Sinom (271).JPG,Batik Cap Asem Sinom
Batik Cap Asem Sinom/Asem Sinom (272).JPG,Batik Cap Asem Sinom
Batik Cap Asem Sinom/Asem Sinom (273).JPG,Batik Cap Asem Sinom
Batik Cap Asem Sinom/Asem Sinom (274).JPG,Batik Cap Asem Sinom
Batik Cap Asem Sinom/Asem Sinom (275).JPG,Batik Cap Asem Sinom
Batik Cap Asem Sinom/Asem Sinom (276).JPG,Batik Cap Asem Sinom
Batik Cap Asem Sinom/Asem Sinom (277).JPG,Batik Cap Asem Sinom
Batik Cap Asem Sinom/Asem Sinom (278).JPG,Batik Cap Asem Sinom
Batik Cap Asem Sinom/Asem Sinom (279).JPG,Batik Cap Asem Sinom
Batik Cap Asem Sinom/Asem Sinom (28).JPG,Batik Cap Asem Sinom
Batik Cap Asem Sinom/Asem Sinom (280).JPG,Batik Cap Asem Sinom
Batik Cap Asem Sinom/Asem Sinom (281).JPG,Batik Cap Asem Sinom
Batik Cap Asem Sinom/Asem Sinom (282).JPG,Batik Cap Asem Sinom
Batik Cap Asem Sinom/Asem Sinom (283).JPG,Batik Cap Asem Sinom
Batik Cap Asem Sinom/Asem Sinom (284).JPG,Batik Cap Asem Sinom
Batik Cap Asem Sinom/Asem Sinom (285).JPG,Batik Cap Asem Sinom
Batik Cap Asem Sinom/Asem Sinom (286).JPG,Batik Cap Asem Sinom
Batik Cap Asem Sinom/Asem Sinom (287).JPG,Batik Cap Asem Sinom
Batik Cap Asem Sinom/Asem Sinom (288).JPG,Batik Cap Asem Sinom
Batik Cap Asem Sinom/Asem Sinom (289).JPG,Batik Cap Asem Sinom
Batik Cap Asem Sinom/Asem Sinom (29).JPG,Batik Cap Asem Sinom
Batik Cap Asem Sinom/Asem Sinom (290).JPG,Batik Cap Asem Sinom
Batik Cap Asem Sinom/Asem Sinom (291).JPG,Batik Cap Asem Sinom
Batik Cap Asem Sinom/Asem Sinom (292).JPG,Batik Cap Asem Sinom
Batik Cap Asem Sinom/Asem Sinom (293).JPG,Batik Cap Asem Sinom
Batik Cap Asem Sinom/Asem Sinom (294).JPG,Batik Cap Asem Sinom
Batik Cap Asem Sinom/Asem Sinom (295).JPG,Batik Cap Asem Sinom
Batik Cap Asem Sinom/Asem Sinom (296).JPG,Batik Cap Asem Sinom
Batik Cap Asem Sinom/Asem Sinom (297).JPG,Batik Cap Asem Sinom
Batik Cap Asem Sinom/Asem Sinom (298).JPG,Batik Cap Asem Sinom
Batik Cap Asem Sinom/Asem Sinom (299).JPG,Batik Cap Asem Sinom
Batik Cap Asem Sinom/Asem Sinom (3).JPG,Batik Cap Asem Sinom
Batik Cap Asem Sinom/Asem Sinom (30).JPG,Batik Cap Asem Sinom
Batik Cap Asem Sinom/Asem Sinom (300).JPG,Batik Cap Asem Sinom
Batik Cap Asem Sinom/Asem Sinom (31).JPG,Batik Cap Asem Sinom
Batik Cap Asem Sinom/Asem Sinom (32).JPG,Batik Cap Asem Sinom
Batik Cap Asem Sinom/Asem Sinom (33).JPG,Batik Cap Asem Sinom
Batik Cap Asem Sinom/Asem Sinom (34).JPG,Batik Cap Asem Sinom
Batik Cap Asem Sinom/Asem Sinom (35).JPG,Batik Cap Asem Sinom
Batik Cap Asem Sinom/Asem Sinom (36).JPG,Batik Cap Asem Sinom
Batik Cap Asem Sinom/Asem Sinom (37).JPG,Batik Cap Asem Sinom
Batik Cap Asem Sinom/Asem Sinom (38).JPG,Batik Cap Asem Sinom
Batik Cap Asem Sinom/Asem Sinom (39).JPG,Batik Cap Asem Sinom
Batik Cap Asem Sinom/Asem Sinom (4).JPG,Batik Cap Asem Sinom
Batik Cap Asem Sinom/Asem Sinom (40).JPG,Batik Cap Asem Sinom
Batik Cap Asem Sinom/Asem Sinom (41).JPG,Batik Cap Asem Sinom
Batik Cap Asem Sinom/Asem Sinom (42).JPG,Batik Cap Asem Sinom
Batik Cap Asem Sinom/Asem Sinom (43).JPG,Batik Cap Asem Sinom
Batik Cap Asem Sinom/Asem Sinom (44).JPG,Batik Cap Asem Sinom
Batik Cap Asem Sinom/Asem Sinom (45).JPG,Batik Cap Asem Sinom
Batik Cap Asem Sinom/Asem Sinom (46).JPG,Batik Cap Asem Sinom
Batik Cap Asem Sinom/Asem Sinom (47).JPG,Batik Cap Asem Sinom
Batik Cap Asem Sinom/Asem Sinom (48).JPG,Batik Cap Asem Sinom
Batik Cap Asem Sinom/Asem Sinom (49).JPG,Batik Cap Asem Sinom
Batik Cap Asem Sinom/Asem Sinom (5).JPG,Batik Cap Asem Sinom
Batik Cap Asem Sinom/Asem Sinom (50).JPG,Batik Cap Asem Sinom
Batik Cap Asem Sinom/Asem Sinom (51).JPG,Batik Cap Asem Sinom
Batik Cap Asem Sinom/Asem Sinom (52).JPG,Batik Cap Asem Sinom
Batik Cap Asem Sinom/Asem Sinom (53).JPG,Batik Cap Asem Sinom
Batik Cap Asem Sinom/Asem Sinom (54).JPG,Batik Cap Asem Sinom
Batik Cap Asem Sinom/Asem Sinom (55).JPG,Batik Cap Asem Sinom
Batik Cap Asem Sinom/Asem Sinom (56).JPG,Batik Cap Asem Sinom
Batik Cap Asem Sinom/Asem Sinom (57).JPG,Batik Cap Asem Sinom
Batik Cap Asem Sinom/Asem Sinom (58).JPG,Batik Cap Asem Sinom
Batik Cap Asem Sinom/Asem Sinom (59).JPG,Batik Cap Asem Sinom
Batik Cap Asem Sinom/Asem Sinom (6).JPG,Batik Cap Asem Sinom
Batik Cap Asem Sinom/Asem Sinom (60).JPG,Batik Cap Asem Sinom
Batik Cap Asem Sinom/Asem Sinom (61).JPG,Batik Cap Asem Sinom
Batik Cap Asem Sinom/Asem Sinom (62).JPG,Batik Cap Asem Sinom
Batik Cap Asem Sinom/Asem Sinom (63).JPG,Batik Cap Asem Sinom
Batik Cap Asem Sinom/Asem Sinom (64).JPG,Batik Cap Asem Sinom
Batik Cap Asem Sinom/Asem Sinom (65).JPG,Batik Cap Asem Sinom
Batik Cap Asem Sinom/Asem Sinom (66).JPG,Batik Cap Asem Sinom
Batik Cap Asem Sinom/Asem Sinom (67).JPG,Batik Cap Asem Sinom
Batik Cap Asem Sinom/Asem Sinom (68).JPG,Batik Cap Asem Sinom
Batik Cap Asem Sinom/Asem Sinom (69).JPG,Batik Cap Asem Sinom
Batik Cap Asem Sinom/Asem Sinom (7).JPG,Batik Cap Asem Sinom
Batik Cap Asem Sinom/Asem Sinom (70).JPG,Batik Cap Asem Sinom
Batik Cap Asem Sinom/Asem Sinom (71).JPG,Batik Cap Asem Sinom
Batik Cap Asem Sinom/Asem Sinom (72).JPG,Batik Cap Asem Sinom
Batik Cap Asem Sinom/Asem Sinom (73).JPG,Batik Cap Asem Sinom
Batik Cap Asem Sinom/Asem Sinom (74).JPG,Batik Cap Asem Sinom
Batik Cap Asem Sinom/Asem Sinom (75).JPG,Batik Cap Asem Sinom
Batik Cap Asem Sinom/Asem Sinom (76).JPG,Batik Cap Asem Sinom
Batik Cap Asem Sinom/Asem Sinom (77).JPG,Batik Cap Asem Sinom
Batik Cap Asem Sinom/Asem Sinom (78).JPG,Batik Cap Asem Sinom
Batik Cap Asem Sinom/Asem Sinom (79).JPG,Batik Cap Asem Sinom
Batik Cap Asem Sinom/Asem Sinom (8).JPG,Batik Cap Asem Sinom
Batik Cap Asem Sinom/Asem Sinom (80).JPG,Batik Cap Asem Sinom
Batik Cap Asem Sinom/Asem Sinom (81).JPG,Batik Cap Asem Sinom
Batik Cap Asem Sinom/Asem Sinom (82).JPG,Batik Cap Asem Sinom
Batik Cap Asem Sinom/Asem Sinom (83).JPG,Batik Cap Asem Sinom
Batik Cap Asem Sinom/Asem Sinom (84).JPG,Batik Cap Asem Sinom
Batik Cap Asem Sinom/Asem Sinom (85).JPG,Batik Cap Asem Sinom
Batik Cap Asem Sinom/Asem Sinom (86).JPG,Batik Cap Asem Sinom
Batik Cap Asem Sinom/Asem Sinom (87).JPG,Batik Cap Asem Sinom
Batik Cap Asem Sinom/Asem Sinom (88).JPG,Batik Cap Asem Sinom
Batik Cap Asem Sinom/Asem Sinom (89).JPG,Batik Cap Asem Sinom
Batik Cap Asem Sinom/Asem Sinom (9).JPG,Batik Cap Asem Sinom
Batik Cap Asem Sinom/Asem Sinom (90).JPG,Batik Cap Asem Sinom
Batik Cap Asem Sinom/Asem Sinom (91).JPG,Batik Cap Asem Sinom
Batik Cap Asem Sinom/Asem Sinom (92).JPG,Batik Cap Asem Sinom
Batik Cap Asem Sinom/Asem Sinom (93).JPG,Batik Cap Asem Sinom
Batik Cap Asem Sinom/Asem Sinom (94).JPG,Batik Cap Asem Sinom
Batik Cap Asem Sinom/Asem Sinom (95).JPG,Batik Cap Asem Sinom
Batik Cap Asem Sinom/Asem Sinom (96).JPG,Batik Cap Asem Sinom
Batik Cap Asem Sinom/Asem Sinom (97).JPG,Batik Cap Asem Sinom
Batik Cap Asem Sinom/Asem Sinom (98).JPG,Batik Cap Asem Sinom
Batik Cap Asem Sinom/Asem Sinom (99).JPG,Batik Cap Asem Sinom
Batik Cap Asem Warak/asem warak (100).JPG,Batik Cap Asem Warak
Batik Cap Asem Warak/asem warak (101).JPG,Batik Cap Asem Warak
Batik Cap Asem Warak/asem warak (102).JPG,Batik Cap Asem Warak
Batik Cap Asem Warak/asem warak (103).JPG,Batik Cap Asem Warak
Batik Cap Asem Warak/asem warak (104).JPG,Batik Cap Asem Warak
Batik Cap Asem Warak/asem warak (105).JPG,Batik Cap Asem Warak
Batik Cap Asem Warak/asem warak (106).JPG,Batik Cap Asem Warak
Batik Cap Asem Warak/asem warak (107).JPG,Batik Cap Asem Warak
Batik Cap Asem Warak/asem warak (108).JPG,Batik Cap Asem Warak
Batik Cap Asem Warak/asem warak (109).JPG,Batik Cap Asem Warak
Batik Cap Asem Warak/asem warak (110).JPG,Batik Cap Asem Warak
Batik Cap Asem Warak/asem warak (111).JPG,Batik Cap Asem Warak
Batik Cap Asem Warak/asem warak (112).JPG,Batik Cap Asem Warak
Batik Cap Asem Warak/asem warak (113).JPG,Batik Cap Asem Warak
Batik Cap Asem Warak/asem warak (114).JPG,Batik Cap Asem Warak
Batik Cap Asem Warak/asem warak (115).JPG,Batik Cap Asem Warak
Batik Cap Asem Warak/asem warak (116).JPG,Batik Cap Asem Warak
Batik Cap Asem Warak/asem warak (117).JPG,Batik Cap Asem Warak
Batik Cap Asem Warak/asem warak (118).JPG,Batik Cap Asem Warak
Batik Cap Asem Warak/asem warak (119).JPG,Batik Cap Asem Warak
Batik Cap Asem Warak/asem warak (120).JPG,Batik Cap Asem Warak
Batik Cap Asem Warak/asem warak (121).JPG,Batik Cap Asem Warak
Batik Cap Asem Warak/asem warak (122).JPG,Batik Cap Asem Warak
Batik Cap Asem Warak/asem warak (123).JPG,Batik Cap Asem Warak
Batik Cap Asem Warak/asem warak (124).JPG,Batik Cap Asem Warak
Batik Cap Asem Warak/asem warak (125).JPG,Batik Cap Asem Warak
Batik Cap Asem Warak/asem warak (126).JPG,Batik Cap Asem Warak
Batik Cap Asem Warak/asem warak (127).JPG,Batik Cap Asem Warak
Batik Cap Asem Warak/asem warak (128).JPG,Batik Cap Asem Warak
Batik Cap Asem Warak/asem warak (130).JPG,Batik Cap Asem Warak
Batik Cap Asem Warak/asem warak (131).JPG,Batik Cap Asem Warak
Batik Cap Asem Warak/asem warak (132).JPG,Batik Cap Asem Warak
Batik Cap Asem Warak/asem warak (149).JPG,Batik Cap Asem Warak
Batik Cap Asem Warak/asem warak (150).JPG,Batik Cap Asem Warak
Batik Cap Asem Warak/asem warak (151).JPG,Batik Cap Asem Warak
Batik Cap Asem Warak/asem warak (152).JPG,Batik Cap Asem Warak
Batik Cap Asem Warak/asem warak (153).JPG,Batik Cap Asem Warak
Batik Cap Asem Warak/asem warak (154).JPG,Batik Cap Asem Warak
Batik Cap Asem Warak/asem warak (155).JPG,Batik Cap Asem Warak
Batik Cap Asem Warak/asem warak (156).JPG,Batik Cap Asem Warak
Batik Cap Asem Warak/asem warak (157).JPG,Batik Cap Asem Warak
Batik Cap Asem Warak/asem warak (158).JPG,Batik Cap Asem Warak
Batik Cap Asem Warak/asem warak (159).JPG,Batik Cap Asem Warak
Batik Cap Asem Warak/asem warak (160).JPG,Batik Cap Asem Warak
Batik Cap Asem Warak/asem warak (165).JPG,Batik Cap Asem Warak
Batik Cap Asem Warak/asem warak (166).JPG,Batik Cap Asem Warak
Batik Cap Asem Warak/asem warak (167).JPG,Batik Cap Asem Warak
Batik Cap Asem Warak/asem warak (168).JPG,Batik Cap Asem Warak
Batik Cap Asem Warak/asem warak (169).JPG,Batik Cap Asem Warak
Batik Cap Asem Warak/asem warak (170).JPG,Batik Cap Asem Warak
Batik Cap Asem Warak/asem warak (171).JPG,Batik Cap Asem Warak
Batik Cap Asem Warak/asem warak (172).JPG,Batik Cap Asem Warak
Batik Cap Asem Warak/asem warak (173).JPG,Batik Cap Asem Warak
Batik Cap Asem Warak/asem warak (174).JPG,Batik Cap Asem Warak
Batik Cap Asem Warak/asem warak (175).JPG,Batik Cap Asem Warak
Batik Cap Asem Warak/asem warak (176).JPG,Batik Cap Asem Warak
Batik Cap Asem Warak/asem warak (177).JPG,Batik Cap Asem Warak
Batik Cap Asem Warak/asem warak (178).JPG,Batik Cap Asem Warak
Batik Cap Asem Warak/asem warak (179).JPG,Batik Cap Asem Warak
Batik Cap Asem Warak/asem warak (180).JPG,Batik Cap Asem Warak
Batik Cap Asem Warak/asem warak (181).JPG,Batik Cap Asem Warak
Batik Cap Asem Warak/asem warak (182).JPG,Batik Cap Asem Warak
Batik Cap Asem Warak/asem warak (183).JPG,Batik Cap Asem Warak
Batik Cap Asem Warak/asem warak (184).JPG,Batik Cap Asem Warak
Batik Cap Asem Warak/asem warak (191).JPG,Batik Cap Asem Warak
Batik Cap Asem Warak/asem warak (192).JPG,Batik Cap Asem Warak
Batik Cap Asem Warak/asem warak (193).JPG,Batik Cap Asem Warak
Batik Cap Asem Warak/asem warak (197).JPG,Batik Cap Asem Warak
Batik Cap Asem Warak/asem warak (198).JPG,Batik Cap Asem Warak
Batik Cap Asem Warak/asem warak (199).JPG,Batik Cap Asem Warak
Batik Cap Asem Warak/asem warak (200).JPG,Batik Cap Asem Warak
Batik Cap Asem Warak/asem warak (201).JPG,Batik Cap Asem Warak
Batik Cap Asem Warak/asem warak (202).JPG,Batik Cap Asem Warak
Batik Cap Asem Warak/asem warak (203).JPG,Batik Cap Asem Warak
Batik Cap Asem Warak/asem warak (204).JPG,Batik Cap Asem Warak
Batik Cap Asem Warak/asem warak (205).JPG,Batik Cap Asem Warak
Batik Cap Asem Warak/asem warak (206).JPG,Batik Cap Asem Warak
Batik Cap Asem Warak/asem warak (207).JPG,Batik Cap Asem Warak
Batik Cap Asem Warak/asem warak (208).JPG,Batik Cap Asem Warak
Batik Cap Asem Warak/asem warak (209).JPG,Batik Cap Asem Warak
Batik Cap Asem Warak/asem warak (210).JPG,Batik Cap Asem Warak
Batik Cap Asem Warak/asem warak (211).JPG,Batik Cap Asem Warak
Batik Cap Asem Warak/asem warak (212).JPG,Batik Cap Asem Warak
Batik Cap Asem Warak/asem warak (217).JPG,Batik Cap Asem Warak
Batik Cap Asem Warak/asem warak (218).JPG,Batik Cap Asem Warak
Batik Cap Asem Warak/asem warak (219).JPG,Batik Cap Asem Warak
Batik Cap Asem Warak/asem warak (220).JPG,Batik Cap Asem Warak
Batik Cap Asem Warak/asem warak (221).JPG,Batik Cap Asem Warak
Batik Cap Asem Warak/asem warak (222).JPG,Batik Cap Asem Warak
Batik Cap Asem Warak/asem warak (223).JPG,Batik Cap Asem Warak
Batik Cap Asem Warak/asem warak (224).JPG,Batik Cap Asem Warak
Batik Cap Asem Warak/asem warak (225).JPG,Batik Cap Asem Warak
Batik Cap Asem Warak/asem warak (226).JPG,Batik Cap Asem Warak
Batik Cap Asem Warak/asem warak (227).JPG,Batik Cap Asem Warak
Batik Cap Asem Warak/asem warak (228).JPG,Batik Cap Asem Warak
Batik Cap Asem Warak/asem warak (229).JPG,Batik Cap Asem Warak
Batik Cap Asem Warak/asem warak (230).JPG,Batik Cap Asem Warak
Batik Cap Asem Warak/asem warak (231).JPG,Batik Cap Asem Warak
Batik Cap Asem Warak/asem warak (232).JPG,Batik Cap Asem Warak
Batik Cap Asem Warak/asem warak (241).JPG,Batik Cap Asem Warak
Batik Cap Asem Warak/asem warak (242).JPG,Batik Cap Asem Warak
Batik Cap Asem Warak/asem warak (243).JPG,Batik Cap Asem Warak
Batik Cap Asem Warak/asem warak (244).JPG,Batik Cap Asem Warak
Batik Cap Asem Warak/asem warak (245).JPG,Batik Cap Asem Warak
Batik Cap Asem Warak/asem warak (289).JPG,Batik Cap Asem Warak
Batik Cap Asem Warak/asem warak (290).JPG,Batik Cap Asem Warak
Batik Cap Asem Warak/asem warak (291).JPG,Batik Cap Asem Warak
Batik Cap Asem Warak/asem warak (292).JPG,Batik Cap Asem Warak
Batik Cap Asem Warak/asem warak (293).JPG,Batik Cap Asem Warak
Batik Cap Asem Warak/asem warak (294).JPG,Batik Cap Asem Warak
Batik Cap Asem Warak/asem warak (295).JPG,Batik Cap Asem Warak
Batik Cap Asem Warak/asem warak (296).JPG,Batik Cap Asem Warak
Batik Cap Asem Warak/asem warak (297).JPG,Batik Cap Asem Warak
Batik Cap Asem Warak/asem warak (298).JPG,Batik Cap Asem Warak
Batik Cap Asem Warak/asem warak (299).JPG,Batik Cap Asem Warak
Batik Cap Asem Warak/asem warak (300).JPG,Batik Cap Asem Warak
Batik Cap Asem Warak/asem warak (301).JPG,Batik Cap Asem Warak
Batik Cap Asem Warak/asem warak (302).JPG,Batik Cap Asem Warak
Batik Cap Asem Warak/asem warak (303).JPG,Batik Cap Asem Warak
Batik Cap Asem Warak/asem warak (304).JPG,Batik Cap Asem Warak
Batik Cap Asem Warak/asem warak (305).JPG,Batik Cap Asem Warak
Batik Cap Asem Warak/asem warak (306).JPG,Batik Cap Asem Warak
Batik Cap Asem Warak/asem warak (307).JPG,Batik Cap Asem Warak
Batik Cap Asem Warak/asem warak (308).JPG,Batik Cap Asem Warak
Batik Cap Asem Warak/asem warak (45).JPG,Batik Cap Asem Warak
Batik Cap Asem Warak/asem warak (46).JPG,Batik Cap Asem Warak
Batik Cap Asem Warak/asem warak (47).JPG,Batik Cap Asem Warak
Batik Cap Asem Warak/asem warak (48).JPG,Batik Cap Asem Warak
Batik Cap Asem Warak/asem warak (65).JPG,Batik Cap Asem Warak
Batik Cap Asem Warak/asem warak (66).JPG,Batik Cap Asem Warak
Batik Cap Asem Warak/asem warak (67).JPG,Batik Cap Asem Warak
Batik Cap Asem Warak/asem warak (68).JPG,Batik Cap Asem Warak
Batik Cap Asem Warak/asem warak (69).JPG,Batik Cap Asem Warak
Batik Cap Asem Warak/asem warak (70).JPG,Batik Cap Asem Warak
Batik Cap Asem Warak/asem warak (71).JPG,Batik Cap Asem Warak
Batik Cap Asem Warak/asem warak (72).JPG,Batik Cap Asem Warak
Batik Cap Asem Warak/asem warak (73).JPG,Batik Cap Asem Warak
Batik Cap Asem Warak/asem warak (74).JPG,Batik Cap Asem Warak
Batik Cap Asem Warak/asem warak (75).JPG,Batik Cap Asem Warak
Batik Cap Asem Warak/asem warak (76).JPG,Batik Cap Asem Warak
Batik Cap Asem Warak/asem warak (77).JPG,Batik Cap Asem Warak
Batik Cap Asem Warak/asem warak (78).JPG,Batik Cap Asem Warak
Batik Cap Asem Warak/asem warak (79).JPG,Batik Cap Asem Warak
Batik Cap Asem Warak/asem warak (80).JPG,Batik Cap Asem Warak
Batik Cap Asem Warak/asem warak (81).JPG,Batik Cap Asem Warak
Batik Cap Asem Warak/asem warak (82).JPG,Batik Cap Asem Warak
Batik Cap Asem Warak/asem warak (83).JPG,Batik Cap Asem Warak
Batik Cap Asem Warak/asem warak (84).JPG,Batik Cap Asem Warak
Batik Cap Asem Warak/asem warak (85).JPG,Batik Cap Asem Warak
Batik Cap Asem Warak/asem warak (86).JPG,Batik Cap Asem Warak
Batik Cap Asem Warak/asem warak (87).JPG,Batik Cap Asem Warak
Batik Cap Asem Warak/asem warak (88).JPG,Batik Cap Asem Warak
Batik Cap Asem Warak/asem warak (89).JPG,Batik Cap Asem Warak
Batik Cap Asem Warak/asem warak (90).JPG,Batik Cap Asem Warak
Batik Cap Asem Warak/asem warak (91).JPG,Batik Cap Asem Warak
Batik Cap Asem Warak/asem warak (92).JPG,Batik Cap Asem Warak
Batik Cap Asem Warak/asem warak (93).JPG,Batik Cap Asem Warak
Batik Cap Asem Warak/asem warak (94).JPG,Batik Cap Asem Warak
Batik Cap Asem Warak/asem warak (95).JPG,Batik Cap Asem Warak
Batik Cap Asem Warak/asem warak (96).JPG,Batik Cap Asem Warak
Batik Cap Asem Warak/asem warak (97).JPG,Batik Cap Asem Warak
Batik Cap Asem Warak/asem warak (98).JPG,Batik Cap Asem Warak
Batik Cap Asem Warak/asem warak (99).JPG,Batik Cap Asem Warak
Batik Cap Blekok/blekok (1).JPG,Batik Cap Blekok
Batik Cap Blekok/blekok (10).JPG,Batik Cap Blekok
Batik Cap Blekok/blekok (100).JPG,Batik Cap Blekok
Batik Cap Blekok/blekok (101).JPG,Batik Cap Blekok
Batik Cap Blekok/blekok (105).JPG,Batik Cap Blekok
Batik Cap Blekok/blekok (106).JPG,Batik Cap Blekok
Batik Cap Blekok/blekok (107).JPG,Batik Cap Blekok
Batik Cap Blekok/blekok (108).JPG,Batik Cap Blekok
Batik Cap Blekok/blekok (109).JPG,Batik Cap Blekok
Batik Cap Blekok/blekok (11).JPG,Batik Cap Blekok
Batik Cap Blekok/blekok (110).JPG,Batik Cap Blekok
Batik Cap Blekok/blekok (111).JPG,Batik Cap Blekok
Batik Cap Blekok/blekok (112).JPG,Batik Cap Blekok
Batik Cap Blekok/blekok (113).JPG,Batik Cap Blekok
Batik Cap Blekok/blekok (114).JPG,Batik Cap Blekok
Batik Cap Blekok/blekok (115).JPG,Batik Cap Blekok
Batik Cap Blekok/blekok (116).JPG,Batik Cap Blekok
Batik Cap Blekok/blekok (117).JPG,Batik Cap Blekok
Batik Cap Blekok/blekok (118).JPG,Batik Cap Blekok
Batik Cap Blekok/blekok (119).JPG,Batik Cap Blekok
Batik Cap Blekok/blekok (12).JPG,Batik Cap Blekok
Batik Cap Blekok/blekok (120).JPG,Batik Cap Blekok
Batik Cap Blekok/blekok (121).JPG,Batik Cap Blekok
Batik Cap Blekok/blekok (122).JPG,Batik Cap Blekok
Batik Cap Blekok/blekok (123).JPG,Batik Cap Blekok
Batik Cap Blekok/blekok (124).JPG,Batik Cap Blekok
Batik Cap Blekok/blekok (125).JPG,Batik Cap Blekok
Batik Cap Blekok/blekok (126).JPG,Batik Cap Blekok
Batik Cap Blekok/blekok (127).JPG,Batik Cap Blekok
Batik Cap Blekok/blekok (128).JPG,Batik Cap Blekok
Batik Cap Blekok/blekok (129).JPG,Batik Cap Blekok
Batik Cap Blekok/blekok (13).JPG,Batik Cap Blekok
Batik Cap Blekok/blekok (130).JPG,Batik Cap Blekok
Batik Cap Blekok/blekok (131).JPG,Batik Cap Blekok
Batik Cap Blekok/blekok (132).JPG,Batik Cap Blekok
Batik Cap Blekok/blekok (133).JPG,Batik Cap Blekok
Batik Cap Blekok/blekok (134).JPG,Batik Cap Blekok
Batik Cap Blekok/blekok (135).JPG,Batik Cap Blekok
Batik Cap Blekok/blekok (136).JPG,Batik Cap Blekok
Batik Cap Blekok/blekok (137).JPG,Batik Cap Blekok
Batik Cap Blekok/blekok (138).JPG,Batik Cap Blekok
Batik Cap Blekok/blekok (139).JPG,Batik Cap Blekok
Batik Cap Blekok/blekok (14).JPG,Batik Cap Blekok
Batik Cap Blekok/blekok (140).JPG,Batik Cap Blekok
Batik Cap Blekok/blekok (141).JPG,Batik Cap Blekok
Batik Cap Blekok/blekok (142).JPG,Batik Cap Blekok
Batik Cap Blekok/blekok (143).JPG,Batik Cap Blekok
Batik Cap Blekok/blekok (144).JPG,Batik Cap Blekok
Batik Cap Blekok/blekok (145).JPG,Batik Cap Blekok
Batik Cap Blekok/blekok (146).JPG,Batik Cap Blekok
Batik Cap Blekok/blekok (147).JPG,Batik Cap Blekok
Batik Cap Blekok/blekok (148).JPG,Batik Cap Blekok
Batik Cap Blekok/blekok (149).JPG,Batik Cap Blekok
Batik Cap Blekok/blekok (15).JPG,Batik Cap Blekok
Batik Cap Blekok/blekok (150).JPG,Batik Cap Blekok
Batik Cap Blekok/blekok (151).JPG,Batik Cap Blekok
Batik Cap Blekok/blekok (152).JPG,Batik Cap Blekok
Batik Cap Blekok/blekok (153).JPG,Batik Cap Blekok
Batik Cap Blekok/blekok (154).JPG,Batik Cap Blekok
Batik Cap Blekok/blekok (155).JPG,Batik Cap Blekok
Batik Cap Blekok/blekok (156).JPG,Batik Cap Blekok
Batik Cap Blekok/blekok (157).JPG,Batik Cap Blekok
Batik Cap Blekok/blekok (158).JPG,Batik Cap Blekok
Batik Cap Blekok/blekok (159).JPG,Batik Cap Blekok
Batik Cap Blekok/blekok (16).JPG,Batik Cap Blekok
Batik Cap Blekok/blekok (160).JPG,Batik Cap Blekok
Batik Cap Blekok/blekok (161).JPG,Batik Cap Blekok
Batik Cap Blekok/blekok (162).JPG,Batik Cap Blekok
Batik Cap Blekok/blekok (163).JPG,Batik Cap Blekok
Batik Cap Blekok/blekok (164).JPG,Batik Cap Blekok
Batik Cap Blekok/blekok (165).JPG,Batik Cap Blekok
Batik Cap Blekok/blekok (166).JPG,Batik Cap Blekok
Batik Cap Blekok/blekok (167).JPG,Batik Cap Blekok
Batik Cap Blekok/blekok (168).JPG,Batik Cap Blekok
Batik Cap Blekok/blekok (169).JPG,Batik Cap Blekok
Batik Cap Blekok/blekok (17).JPG,Batik Cap Blekok
Batik Cap Blekok/blekok (170).JPG,Batik Cap Blekok
Batik Cap Blekok/blekok (171).JPG,Batik Cap Blekok
Batik Cap Blekok/blekok (172).JPG,Batik Cap Blekok
Batik Cap Blekok/blekok (173).JPG,Batik Cap Blekok
Batik Cap Blekok/blekok (174).JPG,Batik Cap Blekok
Batik Cap Blekok/blekok (175).JPG,Batik Cap Blekok
Batik Cap Blekok/blekok (176).JPG,Batik Cap Blekok
Batik Cap Blekok/blekok (177).JPG,Batik Cap Blekok
Batik Cap Blekok/blekok (178).JPG,Batik Cap Blekok
Batik Cap Blekok/blekok (179).JPG,Batik Cap Blekok
Batik Cap Blekok/blekok (18).JPG,Batik Cap Blekok
Batik Cap Blekok/blekok (180).JPG,Batik Cap Blekok
Batik Cap Blekok/blekok (181).JPG,Batik Cap Blekok
Batik Cap Blekok/blekok (182).JPG,Batik Cap Blekok
Batik Cap Blekok/blekok (183).JPG,Batik Cap Blekok
Batik Cap Blekok/blekok (184).JPG,Batik Cap Blekok
Batik Cap Blekok/blekok (185).JPG,Batik Cap Blekok
Batik Cap Blekok/blekok (186).JPG,Batik Cap Blekok
Batik Cap Blekok/blekok (187).JPG,Batik Cap Blekok
Batik Cap Blekok/blekok (188).JPG,Batik Cap Blekok
Batik Cap Blekok/blekok (189).JPG,Batik Cap Blekok
Batik Cap Blekok/blekok (19).JPG,Batik Cap Blekok
Batik Cap Blekok/blekok (190).JPG,Batik Cap Blekok
Batik Cap Blekok/blekok (191).JPG,Batik Cap Blekok
Batik Cap Blekok/blekok (192).JPG,Batik Cap Blekok
Batik Cap Blekok/blekok (193).JPG,Batik Cap Blekok
Batik Cap Blekok/blekok (194).JPG,Batik Cap Blekok
Batik Cap Blekok/blekok (195).JPG,Batik Cap Blekok
Batik Cap Blekok/blekok (196).JPG,Batik Cap Blekok
Batik Cap Blekok/blekok (197).JPG,Batik Cap Blekok
Batik Cap Blekok/blekok (198).JPG,Batik Cap Blekok
Batik Cap Blekok/blekok (199).JPG,Batik Cap Blekok
Batik Cap Blekok/blekok (2).JPG,Batik Cap Blekok
Batik Cap Blekok/blekok (20).JPG,Batik Cap Blekok
Batik Cap Blekok/blekok (200).JPG,Batik Cap Blekok
Batik Cap Blekok/blekok (201).JPG,Batik Cap Blekok
Batik Cap Blekok/blekok (202).JPG,Batik Cap Blekok
Batik Cap Blekok/blekok (203).JPG,Batik Cap Blekok
Batik Cap Blekok/blekok (204).JPG,Batik Cap Blekok
Batik Cap Blekok/blekok (205).JPG,Batik Cap Blekok
Batik Cap Blekok/blekok (206).JPG,Batik Cap Blekok
Batik Cap Blekok/blekok (207).JPG,Batik Cap Blekok
Batik Cap Blekok/blekok (208).JPG,Batik Cap Blekok
Batik Cap Blekok/blekok (209).JPG,Batik Cap Blekok
Batik Cap Blekok/blekok (21).JPG,Batik Cap Blekok
Batik Cap Blekok/blekok (210).JPG,Batik Cap Blekok
Batik Cap Blekok/blekok (211).JPG,Batik Cap Blekok
Batik Cap Blekok/blekok (212).JPG,Batik Cap Blekok
Batik Cap Blekok/blekok (213).JPG,Batik Cap Blekok
Batik Cap Blekok/blekok (214).JPG,Batik Cap Blekok
Batik Cap Blekok/blekok (215).JPG,Batik Cap Blekok
Batik Cap Blekok/blekok (216).JPG,Batik Cap Blekok
Batik Cap Blekok/blekok (217).JPG,Batik Cap Blekok
Batik Cap Blekok/blekok (218).JPG,Batik Cap Blekok
Batik Cap Blekok/blekok (219).JPG,Batik Cap Blekok
Batik Cap Blekok/blekok (22).JPG,Batik Cap Blekok
Batik Cap Blekok/blekok (220).JPG,Batik Cap Blekok
Batik Cap Blekok/blekok (221).JPG,Batik Cap Blekok
Batik Cap Blekok/blekok (222).JPG,Batik Cap Blekok
Batik Cap Blekok/blekok (223).JPG,Batik Cap Blekok
Batik Cap Blekok/blekok (224).JPG,Batik Cap Blekok
Batik Cap Blekok/blekok (225).JPG,Batik Cap Blekok
Batik Cap Blekok/blekok (226).JPG,Batik Cap Blekok
Batik Cap Blekok/blekok (227).JPG,Batik Cap Blekok
Batik Cap Blekok/blekok (228).JPG,Batik Cap Blekok
Batik Cap Blekok/blekok (229).JPG,Batik Cap Blekok
Batik Cap Blekok/blekok (23).JPG,Batik Cap Blekok
Batik Cap Blekok/blekok (230).JPG,Batik Cap Blekok
Batik Cap Blekok/blekok (231).JPG,Batik Cap Blekok
Batik Cap Blekok/blekok (232).JPG,Batik Cap Blekok
Batik Cap Blekok/blekok (233).JPG,Batik Cap Blekok
Batik Cap Blekok/blekok (234).JPG,Batik Cap Blekok
Batik Cap Blekok/blekok (235).JPG,Batik Cap Blekok
Batik Cap Blekok/blekok (236).JPG,Batik Cap Blekok
Batik Cap Blekok/blekok (237).JPG,Batik Cap Blekok
Batik Cap Blekok/blekok (238).JPG,Batik Cap Blekok
Batik Cap Blekok/blekok (239).JPG,Batik Cap Blekok
Batik Cap Blekok/blekok (24).JPG,Batik Cap Blekok
Batik Cap Blekok/blekok (240).JPG,Batik Cap Blekok
Batik Cap Blekok/blekok (241).JPG,Batik Cap Blekok
Batik Cap Blekok/blekok (242).JPG,Batik Cap Blekok
Batik Cap Blekok/blekok (243).JPG,Batik Cap Blekok
Batik Cap Blekok/blekok (244).JPG,Batik Cap Blekok
Batik Cap Blekok/blekok (245).JPG,Batik Cap Blekok
Batik Cap Blekok/blekok (246).JPG,Batik Cap Blekok
Batik Cap Blekok/blekok (247).JPG,Batik Cap Blekok
Batik Cap Blekok/blekok (248).JPG,Batik Cap Blekok
Batik Cap Blekok/blekok (249).JPG,Batik Cap Blekok
Batik Cap Blekok/blekok (25).JPG,Batik Cap Blekok
Batik Cap Blekok/blekok (250).JPG,Batik Cap Blekok
Batik Cap Blekok/blekok (251).JPG,Batik Cap Blekok
Batik Cap Blekok/blekok (252).JPG,Batik Cap Blekok
Batik Cap Blekok/blekok (253).JPG,Batik Cap Blekok
Batik Cap Blekok/blekok (254).JPG,Batik Cap Blekok
Batik Cap Blekok/blekok (255).JPG,Batik Cap Blekok
Batik Cap Blekok/blekok (256).JPG,Batik Cap Blekok
Batik Cap Blekok/blekok (257).JPG,Batik Cap Blekok
Batik Cap Blekok/blekok (258).JPG,Batik Cap Blekok
Batik Cap Blekok/blekok (259).JPG,Batik Cap Blekok
Batik Cap Blekok/blekok (26).JPG,Batik Cap Blekok
Batik Cap Blekok/blekok (260).JPG,Batik Cap Blekok
Batik Cap Blekok/blekok (261).JPG,Batik Cap Blekok
Batik Cap Blekok/blekok (262).JPG,Batik Cap Blekok
Batik Cap Blekok/blekok (263).JPG,Batik Cap Blekok
Batik Cap Blekok/blekok (264).JPG,Batik Cap Blekok
Batik Cap Blekok/blekok (265).JPG,Batik Cap Blekok
Batik Cap Blekok/blekok (266).JPG,Batik Cap Blekok
Batik Cap Blekok/blekok (267).JPG,Batik Cap Blekok
Batik Cap Blekok/blekok (268).JPG,Batik Cap Blekok
Batik Cap Blekok/blekok (269).JPG,Batik Cap Blekok
Batik Cap Blekok/blekok (27).JPG,Batik Cap Blekok
Batik Cap Blekok/blekok (277).JPG,Batik Cap Blekok
Batik Cap Blekok/blekok (278).JPG,Batik Cap Blekok
Batik Cap Blekok/blekok (279).JPG,Batik Cap Blekok
Batik Cap Blekok/blekok (28).JPG,Batik Cap Blekok
Batik Cap Blekok/blekok (280).JPG,Batik Cap Blekok
Batik Cap Blekok/blekok (281).JPG,Batik Cap Blekok
Batik Cap Blekok/blekok (282).JPG,Batik Cap Blekok
Batik Cap Blekok/blekok (283).JPG,Batik Cap Blekok
Batik Cap Blekok/blekok (284).JPG,Batik Cap Blekok
Batik Cap Blekok/blekok (285).JPG,Batik Cap Blekok
Batik Cap Blekok/blekok (286).JPG,Batik Cap Blekok
Batik Cap Blekok/blekok (287).JPG,Batik Cap Blekok
Batik Cap Blekok/blekok (288).JPG,Batik Cap Blekok
Batik Cap Blekok/blekok (289).JPG,Batik Cap Blekok
Batik Cap Blekok/blekok (29).JPG,Batik Cap Blekok
Batik Cap Blekok/blekok (290).JPG,Batik Cap Blekok
Batik Cap Blekok/blekok (291).JPG,Batik Cap Blekok
Batik Cap Blekok/blekok (292).JPG,Batik Cap Blekok
Batik Cap Blekok/blekok (293).JPG,Batik Cap Blekok
Batik Cap Blekok/blekok (294).JPG,Batik Cap Blekok
Batik Cap Blekok/blekok (295).JPG,Batik Cap Blekok
Batik Cap Blekok/blekok (296).JPG,Batik Cap Blekok
Batik Cap Blekok/blekok (297).JPG,Batik Cap Blekok
Batik Cap Blekok/blekok (298).JPG,Batik Cap Blekok
Batik Cap Blekok/blekok (299).JPG,Batik Cap Blekok
Batik Cap Blekok/blekok (3).JPG,Batik Cap Blekok
Batik Cap Blekok/blekok (30).JPG,Batik Cap Blekok
Batik Cap Blekok/blekok (300).JPG,Batik Cap Blekok
Batik Cap Blekok/blekok (31).JPG,Batik Cap Blekok
Batik Cap Blekok/blekok (32).JPG,Batik Cap Blekok
Batik Cap Blekok/blekok (33).JPG,Batik Cap Blekok
Batik Cap Blekok/blekok (34).JPG,Batik Cap Blekok
Batik Cap Blekok/blekok (35).JPG,Batik Cap Blekok
Batik Cap Blekok/blekok (36).JPG,Batik Cap Blekok
Batik Cap Blekok/blekok (37).JPG,Batik Cap Blekok
Batik Cap Blekok/blekok (38).JPG,Batik Cap Blekok
Batik Cap Blekok/blekok (39).JPG,Batik Cap Blekok
Batik Cap Blekok/blekok (4).JPG,Batik Cap Blekok
Batik Cap Blekok/blekok (40).JPG,Batik Cap Blekok
Batik Cap Blekok/blekok (41).JPG,Batik Cap Blekok
Batik Cap Blekok/blekok (42).JPG,Batik Cap Blekok
Batik Cap Blekok/blekok (43).JPG,Batik Cap Blekok
Batik Cap Blekok/blekok (44).JPG,Batik Cap Blekok
Batik Cap Blekok/blekok (45).JPG,Batik Cap Blekok
Batik Cap Blekok/blekok (46).JPG,Batik Cap Blekok
Batik Cap Blekok/blekok (47).JPG,Batik Cap Blekok
Batik Cap Blekok/blekok (48).JPG,Batik Cap Blekok
Batik Cap Blekok/blekok (49).JPG,Batik Cap Blekok
Batik Cap Blekok/blekok (5).JPG,Batik Cap Blekok
Batik Cap Blekok/blekok (50).JPG,Batik Cap Blekok
Batik Cap Blekok/blekok (51).JPG,Batik Cap Blekok
Batik Cap Blekok/blekok (52).JPG,Batik Cap Blekok
Batik Cap Blekok/blekok (53).JPG,Batik Cap Blekok
Batik Cap Blekok/blekok (54).JPG,Batik Cap Blekok
Batik Cap Blekok/blekok (55).JPG,Batik Cap Blekok
Batik Cap Blekok/blekok (56).JPG,Batik Cap Blekok
Batik Cap Blekok/blekok (57).JPG,Batik Cap Blekok
Batik Cap Blekok/blekok (58).JPG,Batik Cap Blekok
Batik Cap Blekok/blekok (59).JPG,Batik Cap Blekok
Batik Cap Blekok/blekok (6).JPG,Batik Cap Blekok
Batik Cap Blekok/blekok (60).JPG,Batik Cap Blekok
Batik Cap Blekok/blekok (61).JPG,Batik Cap Blekok
Batik Cap Blekok/blekok (62).JPG,Batik Cap Blekok
Batik Cap Blekok/blekok (63).JPG,Batik Cap Blekok
Batik Cap Blekok/blekok (64).JPG,Batik Cap Blekok
Batik Cap Blekok/blekok (65).JPG,Batik Cap Blekok
Batik Cap Blekok/blekok (66).JPG,Batik Cap Blekok
Batik Cap Blekok/blekok (67).JPG,Batik Cap Blekok
Batik Cap Blekok/blekok (68).JPG,Batik Cap Blekok
Batik Cap Blekok/blekok (69).JPG,Batik Cap Blekok
Batik Cap Blekok/blekok (7).JPG,Batik Cap Blekok
Batik Cap Blekok/blekok (70).JPG,Batik Cap Blekok
Batik Cap Blekok/blekok (71).JPG,Batik Cap Blekok
Batik Cap Blekok/blekok (72).JPG,Batik Cap Blekok
Batik Cap Blekok/blekok (73).JPG,Batik Cap Blekok
Batik Cap Blekok/blekok (74).JPG,Batik Cap Blekok
Batik Cap Blekok/blekok (75).JPG,Batik Cap Blekok
Batik Cap Blekok/blekok (76).JPG,Batik Cap Blekok
Batik Cap Blekok/blekok (77).JPG,Batik Cap Blekok
Batik Cap Blekok/blekok (78).JPG,Batik Cap Blekok
Batik Cap Blekok/blekok (79).JPG,Batik Cap Blekok
Batik Cap Blekok/blekok (8).JPG,Batik Cap Blekok
Batik Cap Blekok/blekok (80).JPG,Batik Cap Blekok
Batik Cap Blekok/blekok (81).JPG,Batik Cap Blekok
Batik Cap Blekok/blekok (82).JPG,Batik Cap Blekok
Batik Cap Blekok/blekok (83).JPG,Batik Cap Blekok
Batik Cap Blekok/blekok (84).JPG,Batik Cap Blekok
Batik Cap Blekok/blekok (85).JPG,Batik Cap Blekok
Batik Cap Blekok/blekok (86).JPG,Batik Cap Blekok
Batik Cap Blekok/blekok (87).JPG,Batik Cap Blekok
Batik Cap Blekok/blekok (88).JPG,Batik Cap Blekok
Batik Cap Blekok/blekok (89).JPG,Batik Cap Blekok
Batik Cap Blekok/blekok (9).JPG,Batik Cap Blekok
Batik Cap Blekok/blekok (90).JPG,Batik Cap Blekok
Batik Cap Blekok/blekok (91).JPG,Batik Cap Blekok
Batik Cap Blekok/blekok (92).JPG,Batik Cap Blekok
Batik Cap Blekok/blekok (93).JPG,Batik Cap Blekok
Batik Cap Blekok/blekok (94).JPG,Batik Cap Blekok
Batik Cap Blekok/blekok (95).JPG,Batik Cap Blekok
Batik Cap Blekok/blekok (96).JPG,Batik Cap Blekok
Batik Cap Blekok/blekok (97).JPG,Batik Cap Blekok
Batik Cap Blekok/blekok (98).JPG,Batik Cap Blekok
Batik Cap Blekok/blekok (99).JPG,Batik Cap Blekok
Batik Cap Blekok Warak/blekok warak (100).JPG,Batik Cap Blekok Warak
Batik Cap Blekok Warak/blekok warak (101).JPG,Batik Cap Blekok Warak
Batik Cap Blekok Warak/blekok warak (102).JPG,Batik Cap Blekok Warak
Batik Cap Blekok Warak/blekok warak (103).JPG,Batik Cap Blekok Warak
Batik Cap Blekok Warak/blekok warak (104).JPG,Batik Cap Blekok Warak
Batik Cap Blekok Warak/blekok warak (109).JPG,Batik Cap Blekok Warak
Batik Cap Blekok Warak/blekok warak (110).JPG,Batik Cap Blekok Warak
Batik Cap Blekok Warak/blekok warak (111).JPG,Batik Cap Blekok Warak
Batik Cap Blekok Warak/blekok warak (112).JPG,Batik Cap Blekok Warak
Batik Cap Blekok Warak/blekok warak (113).JPG,Batik Cap Blekok Warak
Batik Cap Blekok Warak/blekok warak (114).JPG,Batik Cap Blekok Warak
Batik Cap Blekok Warak/blekok warak (115).JPG,Batik Cap Blekok Warak
Batik Cap Blekok Warak/blekok warak (116).JPG,Batik Cap Blekok Warak
Batik Cap Blekok Warak/blekok warak (117).JPG,Batik Cap Blekok Warak
Batik Cap Blekok Warak/blekok warak (118).JPG,Batik Cap Blekok Warak
Batik Cap Blekok Warak/blekok warak (119).JPG,Batik Cap Blekok Warak
Batik Cap Blekok Warak/blekok warak (120).JPG,Batik Cap Blekok Warak
Batik Cap Blekok Warak/blekok warak (125).JPG,Batik Cap Blekok Warak
Batik Cap Blekok Warak/blekok warak (126).JPG,Batik Cap Blekok Warak
Batik Cap Blekok Warak/blekok warak (127).JPG,Batik Cap Blekok Warak
Batik Cap Blekok Warak/blekok warak (128).JPG,Batik Cap Blekok Warak
Batik Cap Blekok Warak/blekok warak (129).JPG,Batik Cap Blekok Warak
Batik Cap Blekok Warak/blekok warak (130).JPG,Batik Cap Blekok Warak
Batik Cap Blekok Warak/blekok warak (131).JPG,Batik Cap Blekok Warak
Batik Cap Blekok Warak/blekok warak (132).JPG,Batik Cap Blekok Warak
Batik Cap Blekok Warak/blekok warak (141).JPG,Batik Cap Blekok Warak
Batik Cap Blekok Warak/blekok warak (142).JPG,Batik Cap Blekok Warak
Batik Cap Blekok Warak/blekok warak (143).JPG,Batik Cap Blekok Warak
Batik Cap Blekok Warak/blekok warak (144).JPG,Batik Cap Blekok Warak
Batik Cap Blekok Warak/blekok warak (145).JPG,Batik Cap Blekok Warak
Batik Cap Blekok Warak/blekok warak (146).JPG,Batik Cap Blekok Warak
Batik Cap Blekok Warak/blekok warak (147).JPG,Batik Cap Blekok Warak
Batik Cap Blekok Warak/blekok warak (148).JPG,Batik Cap Blekok Warak
Batik Cap Blekok Warak/blekok warak (149).JPG,Batik Cap Blekok Warak
Batik Cap Blekok Warak/blekok warak (150).JPG,Batik Cap Blekok Warak
Batik Cap Blekok Warak/blekok warak (151).JPG,Batik Cap Blekok Warak
Batik Cap Blekok Warak/blekok warak (152).JPG,Batik Cap Blekok Warak
Batik Cap Blekok Warak/blekok warak (153).JPG,Batik Cap Blekok Warak
Batik Cap Blekok Warak/blekok warak (154).JPG,Batik Cap Blekok Warak
Batik Cap Blekok Warak/blekok warak (155).JPG,Batik Cap Blekok Warak
Batik Cap Blekok Warak/blekok warak (156).JPG,Batik Cap Blekok Warak
Batik Cap Blekok Warak/blekok warak (161).JPG,Batik Cap Blekok Warak
Batik Cap Blekok Warak/blekok warak (162).JPG,Batik Cap Blekok Warak
Batik Cap Blekok Warak/blekok warak (163).JPG,Batik Cap Blekok Warak
Batik Cap Blekok Warak/blekok warak (164).JPG,Batik Cap Blekok Warak
Batik Cap Blekok Warak/blekok warak (165).JPG,Batik Cap Blekok Warak
Batik Cap Blekok Warak/blekok warak (166).JPG,Batik Cap Blekok Warak
Batik Cap Blekok Warak/blekok warak (167).JPG,Batik Cap Blekok Warak
Batik Cap Blekok Warak/blekok warak (168).JPG,Batik Cap Blekok Warak
Batik Cap Blekok Warak/blekok warak (169).JPG,Batik Cap Blekok Warak
Batik Cap Blekok Warak/blekok warak (170).JPG,Batik Cap Blekok Warak
Batik Cap Blekok Warak/blekok warak (171).JPG,Batik Cap Blekok Warak
Batik Cap Blekok Warak/blekok warak (172).JPG,Batik Cap Blekok Warak
Batik Cap Blekok Warak/blekok warak (181).JPG,Batik Cap Blekok Warak
Batik Cap Blekok Warak/blekok warak (182).JPG,Batik Cap Blekok Warak
Batik Cap Blekok Warak/blekok warak (183).JPG,Batik Cap Blekok Warak
Batik Cap Blekok Warak/blekok warak (184).JPG,Batik Cap Blekok Warak
Batik Cap Blekok Warak/blekok warak (185).JPG,Batik Cap Blekok Warak
Batik Cap Blekok Warak/blekok warak (186).JPG,Batik Cap Blekok Warak
Batik Cap Blekok Warak/blekok warak (187).JPG,Batik Cap Blekok Warak
Batik Cap Blekok Warak/blekok warak (188).JPG,Batik Cap Blekok Warak
Batik Cap Blekok Warak/blekok warak (189).JPG,Batik Cap Blekok Warak
Batik Cap Blekok Warak/blekok warak (190).JPG,Batik Cap Blekok Warak
Batik Cap Blekok Warak/blekok warak (191).JPG,Batik Cap Blekok Warak
Batik Cap Blekok Warak/blekok warak (192).JPG,Batik Cap Blekok Warak
Batik Cap Blekok Warak/blekok warak (193).JPG,Batik Cap Blekok Warak
Batik Cap Blekok Warak/blekok warak (194).JPG,Batik Cap Blekok Warak
Batik Cap Blekok Warak/blekok warak (195).JPG,Batik Cap Blekok Warak
Batik Cap Blekok Warak/blekok warak (196).JPG,Batik Cap Blekok Warak
Batik Cap Blekok Warak/blekok warak (197).JPG,Batik Cap Blekok Warak
Batik Cap Blekok Warak/blekok warak (198).JPG,Batik Cap Blekok Warak
Batik Cap Blekok Warak/blekok warak (199).JPG,Batik Cap Blekok Warak
Batik Cap Blekok Warak/blekok warak (200).JPG,Batik Cap Blekok Warak
Batik Cap Blekok Warak/blekok warak (201).JPG,Batik Cap Blekok Warak
Batik Cap Blekok Warak/blekok warak (202).JPG,Batik Cap Blekok Warak
Batik Cap Blekok Warak/blekok warak (203).JPG,Batik Cap Blekok Warak
Batik Cap Blekok Warak/blekok warak (204).JPG,Batik Cap Blekok Warak
Batik Cap Blekok Warak/blekok warak (205).JPG,Batik Cap Blekok Warak
Batik Cap Blekok Warak/blekok warak (206).JPG,Batik Cap Blekok Warak
Batik Cap Blekok Warak/blekok warak (207).JPG,Batik Cap Blekok Warak
Batik Cap Blekok Warak/blekok warak (208).JPG,Batik Cap Blekok Warak
Batik Cap Blekok Warak/blekok warak (209).JPG,Batik Cap Blekok Warak
Batik Cap Blekok Warak/blekok warak (210).JPG,Batik Cap Blekok Warak
Batik Cap Blekok Warak/blekok warak (211).JPG,Batik Cap Blekok Warak
Batik Cap Blekok Warak/blekok warak (212).JPG,Batik Cap Blekok Warak
Batik Cap Blekok Warak/blekok warak (213).JPG,Batik Cap Blekok Warak
Batik Cap Blekok Warak/blekok warak (214).JPG,Batik Cap Blekok Warak
Batik Cap Blekok Warak/blekok warak (215).JPG,Batik Cap Blekok Warak
Batik Cap Blekok Warak/blekok warak (216).JPG,Batik Cap Blekok Warak
Batik Cap Blekok Warak/blekok warak (217).JPG,Batik Cap Blekok Warak
Batik Cap Blekok Warak/blekok warak (218).JPG,Batik Cap Blekok Warak
Batik Cap Blekok Warak/blekok warak (219).JPG,Batik Cap Blekok Warak
Batik Cap Blekok Warak/blekok warak (220).JPG,Batik Cap Blekok Warak
Batik Cap Blekok Warak/blekok warak (221).JPG,Batik Cap Blekok Warak
Batik Cap Blekok Warak/blekok warak (222).JPG,Batik Cap Blekok Warak
Batik Cap Blekok Warak/blekok warak (223).JPG,Batik Cap Blekok Warak
Batik Cap Blekok Warak/blekok warak (224).JPG,Batik Cap Blekok Warak
Batik Cap Blekok Warak/blekok warak (233).JPG,Batik Cap Blekok Warak
Batik Cap Blekok Warak/blekok warak (234).JPG,Batik Cap Blekok Warak
Batik Cap Blekok Warak/blekok warak (235).JPG,Batik Cap Blekok Warak
Batik Cap Blekok Warak/blekok warak (236).JPG,Batik Cap Blekok Warak
Batik Cap Blekok Warak/blekok warak (241).JPG,Batik Cap Blekok Warak
Batik Cap Blekok Warak/blekok warak (242).JPG,Batik Cap Blekok Warak
Batik Cap Blekok Warak/blekok warak (243).JPG,Batik Cap Blekok Warak
Batik Cap Blekok Warak/blekok warak (244).JPG,Batik Cap Blekok Warak
Batik Cap Blekok Warak/blekok warak (265).JPG,Batik Cap Blekok Warak
Batik Cap Blekok Warak/blekok warak (266).JPG,Batik Cap Blekok Warak
Batik Cap Blekok Warak/blekok warak (267).JPG,Batik Cap Blekok Warak
Batik Cap Blekok Warak/blekok warak (268).JPG,Batik Cap Blekok Warak
Batik Cap Blekok Warak/blekok warak (269).JPG,Batik Cap Blekok Warak
Batik Cap Blekok Warak/blekok warak (270).JPG,Batik Cap Blekok Warak
Batik Cap Blekok Warak/blekok warak (271).JPG,Batik Cap Blekok Warak
Batik Cap Blekok Warak/blekok warak (272).JPG,Batik Cap Blekok Warak
Batik Cap Blekok Warak/blekok warak (281).JPG,Batik Cap Blekok Warak
Batik Cap Blekok Warak/blekok warak (282).JPG,Batik Cap Blekok Warak
Batik Cap Blekok Warak/blekok warak (283).JPG,Batik Cap Blekok Warak
Batik Cap Blekok Warak/blekok warak (284).JPG,Batik Cap Blekok Warak
Batik Cap Blekok Warak/blekok warak (293).JPG,Batik Cap Blekok Warak
Batik Cap Blekok Warak/blekok warak (294).JPG,Batik Cap Blekok Warak
Batik Cap Blekok Warak/blekok warak (295).JPG,Batik Cap Blekok Warak
Batik Cap Blekok Warak/blekok warak (296).JPG,Batik Cap Blekok Warak
Batik Cap Blekok Warak/blekok warak (297).JPG,Batik Cap Blekok Warak
Batik Cap Blekok Warak/blekok warak (298).JPG,Batik Cap Blekok Warak
Batik Cap Blekok Warak/blekok warak (299).JPG,Batik Cap Blekok Warak
Batik Cap Blekok Warak/blekok warak (300).JPG,Batik Cap Blekok Warak
Batik Cap Blekok Warak/blekok warak (41).JPG,Batik Cap Blekok Warak
Batik Cap Blekok Warak/blekok warak (42).JPG,Batik Cap Blekok Warak
Batik Cap Blekok Warak/blekok warak (43).JPG,Batik Cap Blekok Warak
Batik Cap Blekok Warak/blekok warak (44).JPG,Batik Cap Blekok Warak
Batik Cap Blekok Warak/blekok warak (61).JPG,Batik Cap Blekok Warak
Batik Cap Blekok Warak/blekok warak (62).JPG,Batik Cap Blekok Warak
Batik Cap Blekok Warak/blekok warak (63).JPG,Batik Cap Blekok Warak
Batik Cap Blekok Warak/blekok warak (64).JPG,Batik Cap Blekok Warak
Batik Cap Blekok Warak/blekok warak (65).JPG,Batik Cap Blekok Warak
Batik Cap Blekok Warak/blekok warak (66).JPG,Batik Cap Blekok Warak
Batik Cap Blekok Warak/blekok warak (67).JPG,Batik Cap Blekok Warak
Batik Cap Blekok Warak/blekok warak (68).JPG,Batik Cap Blekok Warak
Batik Cap Blekok Warak/blekok warak (73).JPG,Batik Cap Blekok Warak
Batik Cap Blekok Warak/blekok warak (74).JPG,Batik Cap Blekok Warak
Batik Cap Blekok Warak/blekok warak (75).JPG,Batik Cap Blekok Warak
Batik Cap Blekok Warak/blekok warak (76).JPG,Batik Cap Blekok Warak
Batik Cap Blekok Warak/blekok warak (77).JPG,Batik Cap Blekok Warak
Batik Cap Blekok Warak/blekok warak (78).JPG,Batik Cap Blekok Warak
Batik Cap Blekok Warak/blekok warak (79).JPG,Batik Cap Blekok Warak
Batik Cap Blekok Warak/blekok warak (80).JPG,Batik Cap Blekok Warak
Batik Cap Blekok Warak/blekok warak (81).JPG,Batik Cap Blekok Warak
Batik Cap Blekok Warak/blekok warak (82).JPG,Batik Cap Blekok Warak
Batik Cap Blekok Warak/blekok warak (83).JPG,Batik Cap Blekok Warak
Batik Cap Blekok Warak/blekok warak (84).JPG,Batik Cap Blekok Warak
Batik Cap Blekok Warak/blekok warak (97).JPG,Batik Cap Blekok Warak
Batik Cap Blekok Warak/blekok warak (98).JPG,Batik Cap Blekok Warak
Batik Cap Blekok Warak/blekok warak (99).JPG,Batik Cap Blekok Warak
Batik Cap Gambang Semarangan/Gambang Semarangan  (1).JPG,Batik Cap Gambang Semarangan
Batik Cap Gambang Semarangan/Gambang Semarangan  (10).JPG,Batik Cap Gambang Semarangan
Batik Cap Gambang Semarangan/Gambang Semarangan  (100).JPG,Batik Cap Gambang Semarangan
Batik Cap Gambang Semarangan/Gambang Semarangan  (101).JPG,Batik Cap Gambang Semarangan
Batik Cap Gambang Semarangan/Gambang Semarangan  (102).JPG,Batik Cap Gambang Semarangan
Batik Cap Gambang Semarangan/Gambang Semarangan  (103).JPG,Batik Cap Gambang Semarangan
Batik Cap Gambang Semarangan/Gambang Semarangan  (104).JPG,Batik Cap Gambang Semarangan
Batik Cap Gambang Semarangan/Gambang Semarangan  (105).JPG,Batik Cap Gambang Semarangan
Batik Cap Gambang Semarangan/Gambang Semarangan  (106).JPG,Batik Cap Gambang Semarangan
Batik Cap Gambang Semarangan/Gambang Semarangan  (107).JPG,Batik Cap Gambang Semarangan
Batik Cap Gambang Semarangan/Gambang Semarangan  (108).JPG,Batik Cap Gambang Semarangan
Batik Cap Gambang Semarangan/Gambang Semarangan  (109).JPG,Batik Cap Gambang Semarangan
Batik Cap Gambang Semarangan/Gambang Semarangan  (11).JPG,Batik Cap Gambang Semarangan
Batik Cap Gambang Semarangan/Gambang Semarangan  (110).JPG,Batik Cap Gambang Semarangan
Batik Cap Gambang Semarangan/Gambang Semarangan  (111).JPG,Batik Cap Gambang Semarangan
Batik Cap Gambang Semarangan/Gambang Semarangan  (112).JPG,Batik Cap Gambang Semarangan
Batik Cap Gambang Semarangan/Gambang Semarangan  (113).JPG,Batik Cap Gambang Semarangan
Batik Cap Gambang Semarangan/Gambang Semarangan  (114).JPG,Batik Cap Gambang Semarangan
Batik Cap Gambang Semarangan/Gambang Semarangan  (115).JPG,Batik Cap Gambang Semarangan
Batik Cap Gambang Semarangan/Gambang Semarangan  (116).JPG,Batik Cap Gambang Semarangan
Batik Cap Gambang Semarangan/Gambang Semarangan  (117).JPG,Batik Cap Gambang Semarangan
Batik Cap Gambang Semarangan/Gambang Semarangan  (118).JPG,Batik Cap Gambang Semarangan
Batik Cap Gambang Semarangan/Gambang Semarangan  (119).JPG,Batik Cap Gambang Semarangan
Batik Cap Gambang Semarangan/Gambang Semarangan  (12).JPG,Batik Cap Gambang Semarangan
Batik Cap Gambang Semarangan/Gambang Semarangan  (120).JPG,Batik Cap Gambang Semarangan
Batik Cap Gambang Semarangan/Gambang Semarangan  (121).JPG,Batik Cap Gambang Semarangan
Batik Cap Gambang Semarangan/Gambang Semarangan  (122).JPG,Batik Cap Gambang Semarangan
Batik Cap Gambang Semarangan/Gambang Semarangan  (123).JPG,Batik Cap Gambang Semarangan
Batik Cap Gambang Semarangan/Gambang Semarangan  (124).JPG,Batik Cap Gambang Semarangan
Batik Cap Gambang Semarangan/Gambang Semarangan  (125).JPG,Batik Cap Gambang Semarangan
Batik Cap Gambang Semarangan/Gambang Semarangan  (13).JPG,Batik Cap Gambang Semarangan
Batik Cap Gambang Semarangan/Gambang Semarangan  (138).JPG,Batik Cap Gambang Semarangan
Batik Cap Gambang Semarangan/Gambang Semarangan  (139).JPG,Batik Cap Gambang Semarangan
Batik Cap Gambang Semarangan/Gambang Semarangan  (14).JPG,Batik Cap Gambang Semarangan
Batik Cap Gambang Semarangan/Gambang Semarangan  (140).JPG,Batik Cap Gambang Semarangan
Batik Cap Gambang Semarangan/Gambang Semarangan  (141).JPG,Batik Cap Gambang Semarangan
Batik Cap Gambang Semarangan/Gambang Semarangan  (142).JPG,Batik Cap Gambang Semarangan
Batik Cap Gambang Semarangan/Gambang Semarangan  (143).JPG,Batik Cap Gambang Semarangan
Batik Cap Gambang Semarangan/Gambang Semarangan  (144).JPG,Batik Cap Gambang Semarangan
Batik Cap Gambang Semarangan/Gambang Semarangan  (145).JPG,Batik Cap Gambang Semarangan
Batik Cap Gambang Semarangan/Gambang Semarangan  (146).JPG,Batik Cap Gambang Semarangan
Batik Cap Gambang Semarangan/Gambang Semarangan  (147).JPG,Batik Cap Gambang Semarangan
Batik Cap Gambang Semarangan/Gambang Semarangan  (148).JPG,Batik Cap Gambang Semarangan
Batik Cap Gambang Semarangan/Gambang Semarangan  (149).JPG,Batik Cap Gambang Semarangan
Batik Cap Gambang Semarangan/Gambang Semarangan  (15).JPG,Batik Cap Gambang Semarangan
Batik Cap Gambang Semarangan/Gambang Semarangan  (150).JPG,Batik Cap Gambang Semarangan
Batik Cap Gambang Semarangan/Gambang Semarangan  (151).JPG,Batik Cap Gambang Semarangan
Batik Cap Gambang Semarangan/Gambang Semarangan  (152).JPG,Batik Cap Gambang Semarangan
Batik Cap Gambang Semarangan/Gambang Semarangan  (153).JPG,Batik Cap Gambang Semarangan
Batik Cap Gambang Semarangan/Gambang Semarangan  (154).JPG,Batik Cap Gambang Semarangan
Batik Cap Gambang Semarangan/Gambang Semarangan  (16).JPG,Batik Cap Gambang Semarangan
Batik Cap Gambang Semarangan/Gambang Semarangan  (166).JPG,Batik Cap Gambang Semarangan
Batik Cap Gambang Semarangan/Gambang Semarangan  (167).JPG,Batik Cap Gambang Semarangan
Batik Cap Gambang Semarangan/Gambang Semarangan  (168).JPG,Batik Cap Gambang Semarangan
Batik Cap Gambang Semarangan/Gambang Semarangan  (169).JPG,Batik Cap Gambang Semarangan
Batik Cap Gambang Semarangan/Gambang Semarangan  (17).JPG,Batik Cap Gambang Semarangan
Batik Cap Gambang Semarangan/Gambang Semarangan  (174).JPG,Batik Cap Gambang Semarangan
Batik Cap Gambang Semarangan/Gambang Semarangan  (175).JPG,Batik Cap Gambang Semarangan
Batik Cap Gambang Semarangan/Gambang Semarangan  (176).JPG,Batik Cap Gambang Semarangan
Batik Cap Gambang Semarangan/Gambang Semarangan  (177).JPG,Batik Cap Gambang Semarangan
Batik Cap Gambang Semarangan/Gambang Semarangan  (178).JPG,Batik Cap Gambang Semarangan
Batik Cap Gambang Semarangan/Gambang Semarangan  (179).JPG,Batik Cap Gambang Semarangan
Batik Cap Gambang Semarangan/Gambang Semarangan  (18).JPG,Batik Cap Gambang Semarangan
Batik Cap Gambang Semarangan/Gambang Semarangan  (180).JPG,Batik Cap Gambang Semarangan
Batik Cap Gambang Semarangan/Gambang Semarangan  (181).JPG,Batik Cap Gambang Semarangan
Batik Cap Gambang Semarangan/Gambang Semarangan  (182).JPG,Batik Cap Gambang Semarangan
Batik Cap Gambang Semarangan/Gambang Semarangan  (183).JPG,Batik Cap Gambang Semarangan
Batik Cap Gambang Semarangan/Gambang Semarangan  (184).JPG,Batik Cap Gambang Semarangan
Batik Cap Gambang Semarangan/Gambang Semarangan  (185).JPG,Batik Cap Gambang Semarangan
Batik Cap Gambang Semarangan/Gambang Semarangan  (186).JPG,Batik Cap Gambang Semarangan
Batik Cap Gambang Semarangan/Gambang Semarangan  (187).JPG,Batik Cap Gambang Semarangan
Batik Cap Gambang Semarangan/Gambang Semarangan  (188).JPG,Batik Cap Gambang Semarangan
Batik Cap Gambang Semarangan/Gambang Semarangan  (189).JPG,Batik Cap Gambang Semarangan
Batik Cap Gambang Semarangan/Gambang Semarangan  (19).JPG,Batik Cap Gambang Semarangan
Batik Cap Gambang Semarangan/Gambang Semarangan  (190).JPG,Batik Cap Gambang Semarangan
Batik Cap Gambang Semarangan/Gambang Semarangan  (191).JPG,Batik Cap Gambang Semarangan
Batik Cap Gambang Semarangan/Gambang Semarangan  (192).JPG,Batik Cap Gambang Semarangan
Batik Cap Gambang Semarangan/Gambang Semarangan  (193).JPG,Batik Cap Gambang Semarangan
Batik Cap Gambang Semarangan/Gambang Semarangan  (194).JPG,Batik Cap Gambang Semarangan
Batik Cap Gambang Semarangan/Gambang Semarangan  (195).JPG,Batik Cap Gambang Semarangan
Batik Cap Gambang Semarangan/Gambang Semarangan  (196).JPG,Batik Cap Gambang Semarangan
Batik Cap Gambang Semarangan/Gambang Semarangan  (197).JPG,Batik Cap Gambang Semarangan
Batik Cap Gambang Semarangan/Gambang Semarangan  (198).JPG,Batik Cap Gambang Semarangan
Batik Cap Gambang Semarangan/Gambang Semarangan  (199).JPG,Batik Cap Gambang Semarangan
Batik Cap Gambang Semarangan/Gambang Semarangan  (2).JPG,Batik Cap Gambang Semarangan
Batik Cap Gambang Semarangan/Gambang Semarangan  (20).JPG,Batik Cap Gambang Semarangan
Batik Cap Gambang Semarangan/Gambang Semarangan  (200).JPG,Batik Cap Gambang Semarangan
Batik Cap Gambang Semarangan/Gambang Semarangan  (201).JPG,Batik Cap Gambang Semarangan
Batik Cap Gambang Semarangan/Gambang Semarangan  (202).JPG,Batik Cap Gambang Semarangan
Batik Cap Gambang Semarangan/Gambang Semarangan  (203).JPG,Batik Cap Gambang Semarangan
Batik Cap Gambang Semarangan/Gambang Semarangan  (204).JPG,Batik Cap Gambang Semarangan
Batik Cap Gambang Semarangan/Gambang Semarangan  (205).JPG,Batik Cap Gambang Semarangan
Batik Cap Gambang Semarangan/Gambang Semarangan  (206).JPG,Batik Cap Gambang Semarangan
Batik Cap Gambang Semarangan/Gambang Semarangan  (207).JPG,Batik Cap Gambang Semarangan
Batik Cap Gambang Semarangan/Gambang Semarangan  (208).JPG,Batik Cap Gambang Semarangan
Batik Cap Gambang Semarangan/Gambang Semarangan  (209).JPG,Batik Cap Gambang Semarangan
Batik Cap Gambang Semarangan/Gambang Semarangan  (21).JPG,Batik Cap Gambang Semarangan
Batik Cap Gambang Semarangan/Gambang Semarangan  (210).JPG,Batik Cap Gambang Semarangan
Batik Cap Gambang Semarangan/Gambang Semarangan  (211).JPG,Batik Cap Gambang Semarangan
Batik Cap Gambang Semarangan/Gambang Semarangan  (212).JPG,Batik Cap Gambang Semarangan
Batik Cap Gambang Semarangan/Gambang Semarangan  (213).JPG,Batik Cap Gambang Semarangan
Batik Cap Gambang Semarangan/Gambang Semarangan  (214).JPG,Batik Cap Gambang Semarangan
Batik Cap Gambang Semarangan/Gambang Semarangan  (215).JPG,Batik Cap Gambang Semarangan
Batik Cap Gambang Semarangan/Gambang Semarangan  (216).JPG,Batik Cap Gambang Semarangan
Batik Cap Gambang Semarangan/Gambang Semarangan  (217).JPG,Batik Cap Gambang Semarangan
Batik Cap Gambang Semarangan/Gambang Semarangan  (218).JPG,Batik Cap Gambang Semarangan
Batik Cap Gambang Semarangan/Gambang Semarangan  (219).JPG,Batik Cap Gambang Semarangan
Batik Cap Gambang Semarangan/Gambang Semarangan  (22).JPG,Batik Cap Gambang Semarangan
Batik Cap Gambang Semarangan/Gambang Semarangan  (220).JPG,Batik Cap Gambang Semarangan
Batik Cap Gambang Semarangan/Gambang Semarangan  (221).JPG,Batik Cap Gambang Semarangan
Batik Cap Gambang Semarangan/Gambang Semarangan  (222).JPG,Batik Cap Gambang Semarangan
Batik Cap Gambang Semarangan/Gambang Semarangan  (223).JPG,Batik Cap Gambang Semarangan
Batik Cap Gambang Semarangan/Gambang Semarangan  (224).JPG,Batik Cap Gambang Semarangan
Batik Cap Gambang Semarangan/Gambang Semarangan  (225).JPG,Batik Cap Gambang Semarangan
Batik Cap Gambang Semarangan/Gambang Semarangan  (226).JPG,Batik Cap Gambang Semarangan
Batik Cap Gambang Semarangan/Gambang Semarangan  (227).JPG,Batik Cap Gambang Semarangan
Batik Cap Gambang Semarangan/Gambang Semarangan  (228).JPG,Batik Cap Gambang Semarangan
Batik Cap Gambang Semarangan/Gambang Semarangan  (229).JPG,Batik Cap Gambang Semarangan
Batik Cap Gambang Semarangan/Gambang Semarangan  (23).JPG,Batik Cap Gambang Semarangan
Batik Cap Gambang Semarangan/Gambang Semarangan  (230).JPG,Batik Cap Gambang Semarangan
Batik Cap Gambang Semarangan/Gambang Semarangan  (231).JPG,Batik Cap Gambang Semarangan
Batik Cap Gambang Semarangan/Gambang Semarangan  (232).JPG,Batik Cap Gambang Semarangan
Batik Cap Gambang Semarangan/Gambang Semarangan  (233).JPG,Batik Cap Gambang Semarangan
Batik Cap Gambang Semarangan/Gambang Semarangan  (234).JPG,Batik Cap Gambang Semarangan
Batik Cap Gambang Semarangan/Gambang Semarangan  (235).JPG,Batik Cap Gambang Semarangan
Batik Cap Gambang Semarangan/Gambang Semarangan  (236).JPG,Batik Cap Gambang Semarangan
Batik Cap Gambang Semarangan/Gambang Semarangan  (237).JPG,Batik Cap Gambang Semarangan
Batik Cap Gambang Semarangan/Gambang Semarangan  (238).JPG,Batik Cap Gambang Semarangan
Batik Cap Gambang Semarangan/Gambang Semarangan  (239).JPG,Batik Cap Gambang Semarangan
Batik Cap Gambang Semarangan/Gambang Semarangan  (24).JPG,Batik Cap Gambang Semarangan
Batik Cap Gambang Semarangan/Gambang Semarangan  (240).JPG,Batik Cap Gambang Semarangan
Batik Cap Gambang Semarangan/Gambang Semarangan  (241).JPG,Batik Cap Gambang Semarangan
Batik Cap Gambang Semarangan/Gambang Semarangan  (242).JPG,Batik Cap Gambang Semarangan
Batik Cap Gambang Semarangan/Gambang Semarangan  (243).JPG,Batik Cap Gambang Semarangan
Batik Cap Gambang Semarangan/Gambang Semarangan  (244).JPG,Batik Cap Gambang Semarangan
Batik Cap Gambang Semarangan/Gambang Semarangan  (245).JPG,Batik Cap Gambang Semarangan
Batik Cap Gambang Semarangan/Gambang Semarangan  (246).JPG,Batik Cap Gambang Semarangan
Batik Cap Gambang Semarangan/Gambang Semarangan  (247).JPG,Batik Cap Gambang Semarangan
Batik Cap Gambang Semarangan/Gambang Semarangan  (248).JPG,Batik Cap Gambang Semarangan
Batik Cap Gambang Semarangan/Gambang Semarangan  (249).JPG,Batik Cap Gambang Semarangan
Batik Cap Gambang Semarangan/Gambang Semarangan  (25).JPG,Batik Cap Gambang Semarangan
Batik Cap Gambang Semarangan/Gambang Semarangan  (250).JPG,Batik Cap Gambang Semarangan
Batik Cap Gambang Semarangan/Gambang Semarangan  (251).JPG,Batik Cap Gambang Semarangan
Batik Cap Gambang Semarangan/Gambang Semarangan  (252).JPG,Batik Cap Gambang Semarangan
Batik Cap Gambang Semarangan/Gambang Semarangan  (253).JPG,Batik Cap Gambang Semarangan
Batik Cap Gambang Semarangan/Gambang Semarangan  (254).JPG,Batik Cap Gambang Semarangan
Batik Cap Gambang Semarangan/Gambang Semarangan  (255).JPG,Batik Cap Gambang Semarangan
Batik Cap Gambang Semarangan/Gambang Semarangan  (256).JPG,Batik Cap Gambang Semarangan
Batik Cap Gambang Semarangan/Gambang Semarangan  (257).JPG,Batik Cap Gambang Semarangan
Batik Cap Gambang Semarangan/Gambang Semarangan  (258).JPG,Batik Cap Gambang Semarangan
Batik Cap Gambang Semarangan/Gambang Semarangan  (259).JPG,Batik Cap Gambang Semarangan
Batik Cap Gambang Semarangan/Gambang Semarangan  (26).JPG,Batik Cap Gambang Semarangan
Batik Cap Gambang Semarangan/Gambang Semarangan  (260).JPG,Batik Cap Gambang Semarangan
Batik Cap Gambang Semarangan/Gambang Semarangan  (261).JPG,Batik Cap Gambang Semarangan
Batik Cap Gambang Semarangan/Gambang Semarangan  (262).JPG,Batik Cap Gambang Semarangan
Batik Cap Gambang Semarangan/Gambang Semarangan  (263).JPG,Batik Cap Gambang Semarangan
Batik Cap Gambang Semarangan/Gambang Semarangan  (264).JPG,Batik Cap Gambang Semarangan
Batik Cap Gambang Semarangan/Gambang Semarangan  (265).JPG,Batik Cap Gambang Semarangan
Batik Cap Gambang Semarangan/Gambang Semarangan  (266).JPG,Batik Cap Gambang Semarangan
Batik Cap Gambang Semarangan/Gambang Semarangan  (267).JPG,Batik Cap Gambang Semarangan
Batik Cap Gambang Semarangan/Gambang Semarangan  (268).JPG,Batik Cap Gambang Semarangan
Batik Cap Gambang Semarangan/Gambang Semarangan  (269).JPG,Batik Cap Gambang Semarangan
Batik Cap Gambang Semarangan/Gambang Semarangan  (27).JPG,Batik Cap Gambang Semarangan
Batik Cap Gambang Semarangan/Gambang Semarangan  (270).JPG,Batik Cap Gambang Semarangan
Batik Cap Gambang Semarangan/Gambang Semarangan  (271).JPG,Batik Cap Gambang Semarangan
Batik Cap Gambang Semarangan/Gambang Semarangan  (272).JPG,Batik Cap Gambang Semarangan
Batik Cap Gambang Semarangan/Gambang Semarangan  (273).JPG,Batik Cap Gambang Semarangan
Batik Cap Gambang Semarangan/Gambang Semarangan  (274).JPG,Batik Cap Gambang Semarangan
Batik Cap Gambang Semarangan/Gambang Semarangan  (275).JPG,Batik Cap Gambang Semarangan
Batik Cap Gambang Semarangan/Gambang Semarangan  (276).JPG,Batik Cap Gambang Semarangan
Batik Cap Gambang Semarangan/Gambang Semarangan  (277).JPG,Batik Cap Gambang Semarangan
Batik Cap Gambang Semarangan/Gambang Semarangan  (278).JPG,Batik Cap Gambang Semarangan
Batik Cap Gambang Semarangan/Gambang Semarangan  (279).JPG,Batik Cap Gambang Semarangan
Batik Cap Gambang Semarangan/Gambang Semarangan  (28).JPG,Batik Cap Gambang Semarangan
Batik Cap Gambang Semarangan/Gambang Semarangan  (280).JPG,Batik Cap Gambang Semarangan
Batik Cap Gambang Semarangan/Gambang Semarangan  (281).JPG,Batik Cap Gambang Semarangan
Batik Cap Gambang Semarangan/Gambang Semarangan  (282).JPG,Batik Cap Gambang Semarangan
Batik Cap Gambang Semarangan/Gambang Semarangan  (283).JPG,Batik Cap Gambang Semarangan
Batik Cap Gambang Semarangan/Gambang Semarangan  (284).JPG,Batik Cap Gambang Semarangan
Batik Cap Gambang Semarangan/Gambang Semarangan  (285).JPG,Batik Cap Gambang Semarangan
Batik Cap Gambang Semarangan/Gambang Semarangan  (286).JPG,Batik Cap Gambang Semarangan
Batik Cap Gambang Semarangan/Gambang Semarangan  (287).JPG,Batik Cap Gambang Semarangan
Batik Cap Gambang Semarangan/Gambang Semarangan  (288).JPG,Batik Cap Gambang Semarangan
Batik Cap Gambang Semarangan/Gambang Semarangan  (289).JPG,Batik Cap Gambang Semarangan
Batik Cap Gambang Semarangan/Gambang Semarangan  (29).JPG,Batik Cap Gambang Semarangan
Batik Cap Gambang Semarangan/Gambang Semarangan  (290).JPG,Batik Cap Gambang Semarangan
Batik Cap Gambang Semarangan/Gambang Semarangan  (291).JPG,Batik Cap Gambang Semarangan
Batik Cap Gambang Semarangan/Gambang Semarangan  (292).JPG,Batik Cap Gambang Semarangan
Batik Cap Gambang Semarangan/Gambang Semarangan  (293).JPG,Batik Cap Gambang Semarangan
Batik Cap Gambang Semarangan/Gambang Semarangan  (294).JPG,Batik Cap Gambang Semarangan
Batik Cap Gambang Semarangan/Gambang Semarangan  (295).JPG,Batik Cap Gambang Semarangan
Batik Cap Gambang Semarangan/Gambang Semarangan  (296).JPG,Batik Cap Gambang Semarangan
Batik Cap Gambang Semarangan/Gambang Semarangan  (297).JPG,Batik Cap Gambang Semarangan
Batik Cap Gambang Semarangan/Gambang Semarangan  (298).JPG,Batik Cap Gambang Semarangan
Batik Cap Gambang Semarangan/Gambang Semarangan  (299).JPG,Batik Cap Gambang Semarangan
Batik Cap Gambang Semarangan/Gambang Semarangan  (3).JPG,Batik Cap Gambang Semarangan
Batik Cap Gambang Semarangan/Gambang Semarangan  (30).JPG,Batik Cap Gambang Semarangan
Batik Cap Gambang Semarangan/Gambang Semarangan  (300).JPG,Batik Cap Gambang Semarangan
Batik Cap Gambang Semarangan/Gambang Semarangan  (301).JPG,Batik Cap Gambang Semarangan
Batik Cap Gambang Semarangan/Gambang Semarangan  (302).JPG,Batik Cap Gambang Semarangan
Batik Cap Gambang Semarangan/Gambang Semarangan  (303).JPG,Batik Cap Gambang Semarangan
Batik Cap Gambang Semarangan/Gambang Semarangan  (304).JPG,Batik Cap Gambang Semarangan
Batik Cap Gambang Semarangan/Gambang Semarangan  (305).JPG,Batik Cap Gambang Semarangan
Batik Cap Gambang Semarangan/Gambang Semarangan  (306).JPG,Batik Cap Gambang Semarangan
Batik Cap Gambang Semarangan/Gambang Semarangan  (307).JPG,Batik Cap Gambang Semarangan
Batik Cap Gambang Semarangan/Gambang Semarangan  (308).JPG,Batik Cap Gambang Semarangan
Batik Cap Gambang Semarangan/Gambang Semarangan  (31).JPG,Batik Cap Gambang Semarangan
Batik Cap Gambang Semarangan/Gambang Semarangan  (32).JPG,Batik Cap Gambang Semarangan
Batik Cap Gambang Semarangan/Gambang Semarangan  (33).JPG,Batik Cap Gambang Semarangan
Batik Cap Gambang Semarangan/Gambang Semarangan  (34).JPG,Batik Cap Gambang Semarangan
Batik Cap Gambang Semarangan/Gambang Semarangan  (35).JPG,Batik Cap Gambang Semarangan
Batik Cap Gambang Semarangan/Gambang Semarangan  (36).JPG,Batik Cap Gambang Semarangan
Batik Cap Gambang Semarangan/Gambang Semarangan  (37).JPG,Batik Cap Gambang Semarangan
Batik Cap Gambang Semarangan/Gambang Semarangan  (38).JPG,Batik Cap Gambang Semarangan
Batik Cap Gambang Semarangan/Gambang Semarangan  (39).JPG,Batik Cap Gambang Semarangan
Batik Cap Gambang Semarangan/Gambang Semarangan  (4).JPG,Batik Cap Gambang Semarangan
Batik Cap Gambang Semarangan/Gambang Semarangan  (40).JPG,Batik Cap Gambang Semarangan
Batik Cap Gambang Semarangan/Gambang Semarangan  (41).JPG,Batik Cap Gambang Semarangan
Batik Cap Gambang Semarangan/Gambang Semarangan  (42).JPG,Batik Cap Gambang Semarangan
Batik Cap Gambang Semarangan/Gambang Semarangan  (43).JPG,Batik Cap Gambang Semarangan
Batik Cap Gambang Semarangan/Gambang Semarangan  (44).JPG,Batik Cap Gambang Semarangan
Batik Cap Gambang Semarangan/Gambang Semarangan  (45).JPG,Batik Cap Gambang Semarangan
Batik Cap Gambang Semarangan/Gambang Semarangan  (46).JPG,Batik Cap Gambang Semarangan
Batik Cap Gambang Semarangan/Gambang Semarangan  (47).JPG,Batik Cap Gambang Semarangan
Batik Cap Gambang Semarangan/Gambang Semarangan  (48).JPG,Batik Cap Gambang Semarangan
Batik Cap Gambang Semarangan/Gambang Semarangan  (49).JPG,Batik Cap Gambang Semarangan
Batik Cap Gambang Semarangan/Gambang Semarangan  (5).JPG,Batik Cap Gambang Semarangan
Batik Cap Gambang Semarangan/Gambang Semarangan  (50).JPG,Batik Cap Gambang Semarangan
Batik Cap Gambang Semarangan/Gambang Semarangan  (51).JPG,Batik Cap Gambang Semarangan
Batik Cap Gambang Semarangan/Gambang Semarangan  (52).JPG,Batik Cap Gambang Semarangan
Batik Cap Gambang Semarangan/Gambang Semarangan  (53).JPG,Batik Cap Gambang Semarangan
Batik Cap Gambang Semarangan/Gambang Semarangan  (54).JPG,Batik Cap Gambang Semarangan
Batik Cap Gambang Semarangan/Gambang Semarangan  (55).JPG,Batik Cap Gambang Semarangan
Batik Cap Gambang Semarangan/Gambang Semarangan  (56).JPG,Batik Cap Gambang Semarangan
Batik Cap Gambang Semarangan/Gambang Semarangan  (57).JPG,Batik Cap Gambang Semarangan
Batik Cap Gambang Semarangan/Gambang Semarangan  (58).JPG,Batik Cap Gambang Semarangan
Batik Cap Gambang Semarangan/Gambang Semarangan  (59).JPG,Batik Cap Gambang Semarangan
Batik Cap Gambang Semarangan/Gambang Semarangan  (6).JPG,Batik Cap Gambang Semarangan
Batik Cap Gambang Semarangan/Gambang Semarangan  (60).JPG,Batik Cap Gambang Semarangan
Batik Cap Gambang Semarangan/Gambang Semarangan  (61).JPG,Batik Cap Gambang Semarangan
Batik Cap Gambang Semarangan/Gambang Semarangan  (62).JPG,Batik Cap Gambang Semarangan
Batik Cap Gambang Semarangan/Gambang Semarangan  (63).JPG,Batik Cap Gambang Semarangan
Batik Cap Gambang Semarangan/Gambang Semarangan  (64).JPG,Batik Cap Gambang Semarangan
Batik Cap Gambang Semarangan/Gambang Semarangan  (65).JPG,Batik Cap Gambang Semarangan
Batik Cap Gambang Semarangan/Gambang Semarangan  (66).JPG,Batik Cap Gambang Semarangan
Batik Cap Gambang Semarangan/Gambang Semarangan  (67).JPG,Batik Cap Gambang Semarangan
Batik Cap Gambang Semarangan/Gambang Semarangan  (68).JPG,Batik Cap Gambang Semarangan
Batik Cap Gambang Semarangan/Gambang Semarangan  (69).JPG,Batik Cap Gambang Semarangan
Batik Cap Gambang Semarangan/Gambang Semarangan  (7).JPG,Batik Cap Gambang Semarangan
Batik Cap Gambang Semarangan/Gambang Semarangan  (70).JPG,Batik Cap Gambang Semarangan
Batik Cap Gambang Semarangan/Gambang Semarangan  (71).JPG,Batik Cap Gambang Semarangan
Batik Cap Gambang Semarangan/Gambang Semarangan  (72).JPG,Batik Cap Gambang Semarangan
Batik Cap Gambang Semarangan/Gambang Semarangan  (73).JPG,Batik Cap Gambang Semarangan
Batik Cap Gambang Semarangan/Gambang Semarangan  (74).JPG,Batik Cap Gambang Semarangan
Batik Cap Gambang Semarangan/Gambang Semarangan  (75).JPG,Batik Cap Gambang Semarangan
Batik Cap Gambang Semarangan/Gambang Semarangan  (76).JPG,Batik Cap Gambang Semarangan
Batik Cap Gambang Semarangan/Gambang Semarangan  (77).JPG,Batik Cap Gambang Semarangan
Batik Cap Gambang Semarangan/Gambang Semarangan  (78).JPG,Batik Cap Gambang Semarangan
Batik Cap Gambang Semarangan/Gambang Semarangan  (79).JPG,Batik Cap Gambang Semarangan
Batik Cap Gambang Semarangan/Gambang Semarangan  (8).JPG,Batik Cap Gambang Semarangan
Batik Cap Gambang Semarangan/Gambang Semarangan  (80).JPG,Batik Cap Gambang Semarangan
Batik Cap Gambang Semarangan/Gambang Semarangan  (81).JPG,Batik Cap Gambang Semarangan
Batik Cap Gambang Semarangan/Gambang Semarangan  (82).JPG,Batik Cap Gambang Semarangan
Batik Cap Gambang Semarangan/Gambang Semarangan  (83).JPG,Batik Cap Gambang Semarangan
Batik Cap Gambang Semarangan/Gambang Semarangan  (84).JPG,Batik Cap Gambang Semarangan
Batik Cap Gambang Semarangan/Gambang Semarangan  (85).JPG,Batik Cap Gambang Semarangan
Batik Cap Gambang Semarangan/Gambang Semarangan  (86).JPG,Batik Cap Gambang Semarangan
Batik Cap Gambang Semarangan/Gambang Semarangan  (87).JPG,Batik Cap Gambang Semarangan
Batik Cap Gambang Semarangan/Gambang Semarangan  (88).JPG,Batik Cap Gambang Semarangan
Batik Cap Gambang Semarangan/Gambang Semarangan  (89).JPG,Batik Cap Gambang Semarangan
Batik Cap Gambang Semarangan/Gambang Semarangan  (9).JPG,Batik Cap Gambang Semarangan
Batik Cap Gambang Semarangan/Gambang Semarangan  (90).JPG,Batik Cap Gambang Semarangan
Batik Cap Gambang Semarangan/Gambang Semarangan  (91).JPG,Batik Cap Gambang Semarangan
Batik Cap Gambang Semarangan/Gambang Semarangan  (92).JPG,Batik Cap Gambang Semarangan
Batik Cap Gambang Semarangan/Gambang Semarangan  (93).JPG,Batik Cap Gambang Semarangan
Batik Cap Gambang Semarangan/Gambang Semarangan  (94).JPG,Batik Cap Gambang Semarangan
Batik Cap Gambang Semarangan/Gambang Semarangan  (95).JPG,Batik Cap Gambang Semarangan
Batik Cap Gambang Semarangan/Gambang Semarangan  (96).JPG,Batik Cap Gambang Semarangan
Batik Cap Gambang Semarangan/Gambang Semarangan  (97).JPG,Batik Cap Gambang Semarangan
Batik Cap Gambang Semarangan/Gambang Semarangan  (98).JPG,Batik Cap Gambang Semarangan
Batik Cap Gambang Semarangan/Gambang Semarangan  (99).JPG,Batik Cap Gambang Semarangan
Batik Cap Kembang Sepatu/Kembang Sepatu (195).JPG,Batik Cap Kembang Sepatu
Batik Cap Kembang Sepatu/Kembang Sepatu (44).JPG,Batik Cap Kembang Sepatu
Batik Cap Kembang Sepatu/Kembang Sepatu (132).JPG,Batik Cap Kembang Sepatu
Batik Cap Kembang Sepatu/Kembang Sepatu (18).JPG,Batik Cap Kembang Sepatu
Batik Cap Kembang Sepatu/Kembang Sepatu (128).JPG,Batik Cap Kembang Sepatu
Batik Cap Kembang Sepatu/Kembang Sepatu (54).JPG,Batik Cap Kembang Sepatu
Batik Cap Kembang Sepatu/Kembang Sepatu (272).JPG,Batik Cap Kembang Sepatu
Batik Cap Kembang Sepatu/Kembang Sepatu (207).JPG,Batik Cap Kembang Sepatu
Batik Cap Kembang Sepatu/Kembang Sepatu (116).JPG,Batik Cap Kembang Sepatu
Batik Cap Kembang Sepatu/Kembang Sepatu (31).JPG,Batik Cap Kembang Sepatu
Batik Cap Kembang Sepatu/Kembang Sepatu (120).JPG,Batik Cap Kembang Sepatu
Batik Cap Kembang Sepatu/Kembang Sepatu (95).JPG,Batik Cap Kembang Sepatu
Batik Cap Kembang Sepatu/Kembang Sepatu (192).JPG,Batik Cap Kembang Sepatu
Batik Cap Kembang Sepatu/Kembang Sepatu (298).JPG,Batik Cap Kembang Sepatu
Batik Cap Kembang Sepatu/Kembang Sepatu (284).JPG,Batik Cap Kembang Sepatu
Batik Cap Kembang Sepatu/Kembang Sepatu (97).JPG,Batik Cap Kembang Sepatu
Batik Cap Kembang Sepatu/Kembang Sepatu (91).JPG,Batik Cap Kembang Sepatu
Batik Cap Kembang Sepatu/Kembang Sepatu (133).JPG,Batik Cap Kembang Sepatu
Batik Cap Kembang Sepatu/Kembang Sepatu (241).JPG,Batik Cap Kembang Sepatu
Batik Cap Kembang Sepatu/Kembang Sepatu (255).JPG,Batik Cap Kembang Sepatu
Batik Cap Kembang Sepatu/Kembang Sepatu (5).JPG,Batik Cap Kembang Sepatu
Batik Cap Kembang Sepatu/Kembang Sepatu (10).JPG,Batik Cap Kembang Sepatu
Batik Cap Kembang Sepatu/Kembang Sepatu (300).JPG,Batik Cap Kembang Sepatu
Batik Cap Kembang Sepatu/Kembang Sepatu (55).JPG,Batik Cap Kembang Sepatu
Batik Cap Kembang Sepatu/Kembang Sepatu (229).JPG,Batik Cap Kembang Sepatu
Batik Cap Kembang Sepatu/Kembang Sepatu (219).JPG,Batik Cap Kembang Sepatu
Batik Cap Kembang Sepatu/Kembang Sepatu (50).JPG,Batik Cap Kembang Sepatu
Batik Cap Kembang Sepatu/Kembang Sepatu (285).JPG,Batik Cap Kembang Sepatu
Batik Cap Kembang Sepatu/Kembang Sepatu (177).JPG,Batik Cap Kembang Sepatu
Batik Cap Kembang Sepatu/Kembang Sepatu (103).JPG,Batik Cap Kembang Sepatu
Batik Cap Kembang Sepatu/Kembang Sepatu (84).JPG,Batik Cap Kembang Sepatu
Batik Cap Kembang Sepatu/Kembang Sepatu (21).JPG,Batik Cap Kembang Sepatu
Batik Cap Kembang Sepatu/Kembang Sepatu (270).JPG,Batik Cap Kembang Sepatu
Batik Cap Kembang Sepatu/Kembang Sepatu (13).JPG,Batik Cap Kembang Sepatu
Batik Cap Kembang Sepatu/Kembang Sepatu (37).JPG,Batik Cap Kembang Sepatu
Batik Cap Kembang Sepatu/Kembang Sepatu (262).JPG,Batik Cap Kembang Sepatu
Batik Cap Kembang Sepatu/Kembang Sepatu (56).JPG,Batik Cap Kembang Sepatu
Batik Cap Kembang Sepatu/Kembang Sepatu (196).JPG,Batik Cap Kembang Sepatu
Batik Cap Kembang Sepatu/Kembang Sepatu (202).JPG,Batik Cap Kembang Sepatu
Batik Cap Kembang Sepatu/Kembang Sepatu (142).JPG,Batik Cap Kembang Sepatu
Batik Cap Kembang Sepatu/Kembang Sepatu (57).JPG,Batik Cap Kembang Sepatu
Batik Cap Kembang Sepatu/Kembang Sepatu (47).JPG,Batik Cap Kembang Sepatu
Batik Cap Kembang Sepatu/Kembang Sepatu (78).JPG,Batik Cap Kembang Sepatu
Batik Cap Kembang Sepatu/Kembang Sepatu (165).JPG,Batik Cap Kembang Sepatu
Batik Cap Kembang Sepatu/Kembang Sepatu (70).JPG,Batik Cap Kembang Sepatu
Batik Cap Kembang Sepatu/Kembang Sepatu (19).JPG,Batik Cap Kembang Sepatu
Batik Cap Kembang Sepatu/Kembang Sepatu (64).JPG,Batik Cap Kembang Sepatu
Batik Cap Kembang Sepatu/Kembang Sepatu (242).JPG,Batik Cap Kembang Sepatu
Batik Cap Kembang Sepatu/Kembang Sepatu (287).JPG,Batik Cap Kembang Sepatu
Batik Cap Kembang Sepatu/Kembang Sepatu (149).JPG,Batik Cap Kembang Sepatu
Batik Cap Kembang Sepatu/Kembang Sepatu (104).JPG,Batik Cap Kembang Sepatu
Batik Cap Kembang Sepatu/Kembang Sepatu (71).JPG,Batik Cap Kembang Sepatu
Batik Cap Kembang Sepatu/Kembang Sepatu (122).JPG,Batik Cap Kembang Sepatu
Batik Cap Kembang Sepatu/Kembang Sepatu (39).JPG,Batik Cap Kembang Sepatu
Batik Cap Kembang Sepatu/Kembang Sepatu (200).JPG,Batik Cap Kembang Sepatu
Batik Cap Kembang Sepatu/Kembang Sepatu (224).JPG,Batik Cap Kembang Sepatu
Batik Cap Kembang Sepatu/Kembang Sepatu (237).JPG,Batik Cap Kembang Sepatu
Batik Cap Kembang Sepatu/Kembang Sepatu (194).JPG,Batik Cap Kembang Sepatu
Batik Cap Kembang Sepatu/Kembang Sepatu (85).JPG,Batik Cap Kembang Sepatu
Batik Cap Kembang Sepatu/Kembang Sepatu (27).JPG,Batik Cap Kembang Sepatu
Batik Cap Kembang Sepatu/Kembang Sepatu (38).JPG,Batik Cap Kembang Sepatu
Batik Cap Kembang Sepatu/Kembang Sepatu (48).JPG,Batik Cap Kembang Sepatu
Batik Cap Kembang Sepatu/Kembang Sepatu (140).JPG,Batik Cap Kembang Sepatu
Batik Cap Kembang Sepatu/Kembang Sepatu (6).JPG,Batik Cap Kembang Sepatu
Batik Cap Kembang Sepatu/Kembang Sepatu (34).JPG,Batik Cap Kembang Sepatu
Batik Cap Kembang Sepatu/Kembang Sepatu (295).JPG,Batik Cap Kembang Sepatu
Batik Cap Kembang Sepatu/Kembang Sepatu (41).JPG,Batik Cap Kembang Sepatu
Batik Cap Kembang Sepatu/Kembang Sepatu (218).JPG,Batik Cap Kembang Sepatu
Batik Cap Kembang Sepatu/Kembang Sepatu (158).JPG,Batik Cap Kembang Sepatu
Batik Cap Kembang Sepatu/Kembang Sepatu (286).JPG,Batik Cap Kembang Sepatu
Batik Cap Kembang Sepatu/Kembang Sepatu (137).JPG,Batik Cap Kembang Sepatu
Batik Cap Kembang Sepatu/Kembang Sepatu (217).JPG,Batik Cap Kembang Sepatu
Batik Cap Kembang Sepatu/Kembang Sepatu (72).JPG,Batik Cap Kembang Sepatu
Batik Cap Kembang Sepatu/Kembang Sepatu (73).JPG,Batik Cap Kembang Sepatu
Batik Cap Kembang Sepatu/Kembang Sepatu (33).JPG,Batik Cap Kembang Sepatu
Batik Cap Kembang Sepatu/Kembang Sepatu (107).JPG,Batik Cap Kembang Sepatu
Batik Cap Kembang Sepatu/Kembang Sepatu (22).JPG,Batik Cap Kembang Sepatu
Batik Cap Kembang Sepatu/Kembang Sepatu (189).JPG,Batik Cap Kembang Sepatu
Batik Cap Kembang Sepatu/Kembang Sepatu (77).JPG,Batik Cap Kembang Sepatu
Batik Cap Kembang Sepatu/Kembang Sepatu (24).JPG,Batik Cap Kembang Sepatu
Batik Cap Kembang Sepatu/Kembang Sepatu (69).JPG,Batik Cap Kembang Sepatu
Batik Cap Kembang Sepatu/Kembang Sepatu (235).JPG,Batik Cap Kembang Sepatu
Batik Cap Kembang Sepatu/Kembang Sepatu (240).JPG,Batik Cap Kembang Sepatu
Batik Cap Kembang Sepatu/Kembang Sepatu (3).JPG,Batik Cap Kembang Sepatu
Batik Cap Kembang Sepatu/Kembang Sepatu (232).JPG,Batik Cap Kembang Sepatu
Batik Cap Kembang Sepatu/Kembang Sepatu (289).JPG,Batik Cap Kembang Sepatu
Batik Cap Kembang Sepatu/Kembang Sepatu (127).JPG,Batik Cap Kembang Sepatu
Batik Cap Kembang Sepatu/Kembang Sepatu (89).JPG,Batik Cap Kembang Sepatu
Batik Cap Kembang Sepatu/Kembang Sepatu (99).JPG,Batik Cap Kembang Sepatu
Batik Cap Kembang Sepatu/Kembang Sepatu (159).JPG,Batik Cap Kembang Sepatu
Batik Cap Kembang Sepatu/Kembang Sepatu (259).JPG,Batik Cap Kembang Sepatu
Batik Cap Kembang Sepatu/Kembang Sepatu (7).JPG,Batik Cap Kembang Sepatu
Batik Cap Kembang Sepatu/Kembang Sepatu (288).JPG,Batik Cap Kembang Sepatu
Batik Cap Kembang Sepatu/Kembang Sepatu (176).JPG,Batik Cap Kembang Sepatu
Batik Cap Kembang Sepatu/Kembang Sepatu (145).JPG,Batik Cap Kembang Sepatu
Batik Cap Kembang Sepatu/Kembang Sepatu (223).JPG,Batik Cap Kembang Sepatu
Batik Cap Kembang Sepatu/Kembang Sepatu (181).JPG,Batik Cap Kembang Sepatu
Batik Cap Kembang Sepatu/Kembang Sepatu (46).JPG,Batik Cap Kembang Sepatu
Batik Cap Kembang Sepatu/Kembang Sepatu (179).JPG,Batik Cap Kembang Sepatu
Batik Cap Kembang Sepatu/Kembang Sepatu (244).JPG,Batik Cap Kembang Sepatu
Batik Cap Kembang Sepatu/Kembang Sepatu (186).JPG,Batik Cap Kembang Sepatu
Batik Cap Kembang Sepatu/Kembang Sepatu (293).JPG,Batik Cap Kembang Sepatu
Batik Cap Kembang Sepatu/Kembang Sepatu (290).JPG,Batik Cap Kembang Sepatu
Batik Cap Kembang Sepatu/Kembang Sepatu (275).JPG,Batik Cap Kembang Sepatu
Batik Cap Kembang Sepatu/Kembang Sepatu (169).JPG,Batik Cap Kembang Sepatu
Batik Cap Kembang Sepatu/Kembang Sepatu (230).JPG,Batik Cap Kembang Sepatu
Batik Cap Kembang Sepatu/Kembang Sepatu (129).JPG,Batik Cap Kembang Sepatu
Batik Cap Kembang Sepatu/Kembang Sepatu (118).JPG,Batik Cap Kembang Sepatu
Batik Cap Kembang Sepatu/Kembang Sepatu (162).JPG,Batik Cap Kembang Sepatu
Batik Cap Kembang Sepatu/Kembang Sepatu (153).JPG,Batik Cap Kembang Sepatu
Batik Cap Kembang Sepatu/Kembang Sepatu (175).JPG,Batik Cap Kembang Sepatu
Batik Cap Kembang Sepatu/Kembang Sepatu (210).JPG,Batik Cap Kembang Sepatu
Batik Cap Kembang Sepatu/Kembang Sepatu (32).JPG,Batik Cap Kembang Sepatu
Batik Cap Kembang Sepatu/Kembang Sepatu (271).JPG,Batik Cap Kembang Sepatu
Batik Cap Kembang Sepatu/Kembang Sepatu (238).JPG,Batik Cap Kembang Sepatu
Batik Cap Kembang Sepatu/Kembang Sepatu (81).JPG,Batik Cap Kembang Sepatu
Batik Cap Kembang Sepatu/Kembang Sepatu (283).JPG,Batik Cap Kembang Sepatu
Batik Cap Kembang Sepatu/Kembang Sepatu (193).JPG,Batik Cap Kembang Sepatu
Batik Cap Kembang Sepatu/Kembang Sepatu (297).JPG,Batik Cap Kembang Sepatu
Batik Cap Kembang Sepatu/Kembang Sepatu (63).JPG,Batik Cap Kembang Sepatu
Batik Cap Kembang Sepatu/Kembang Sepatu (209).JPG,Batik Cap Kembang Sepatu
Batik Cap Kembang Sepatu/Kembang Sepatu (108).JPG,Batik Cap Kembang Sepatu
Batik Cap Kembang Sepatu/Kembang Sepatu (208).JPG,Batik Cap Kembang Sepatu
Batik Cap Kembang Sepatu/Kembang Sepatu (164).JPG,Batik Cap Kembang Sepatu
Batik Cap Kembang Sepatu/Kembang Sepatu (82).JPG,Batik Cap Kembang Sepatu
Batik Cap Kembang Sepatu/Kembang Sepatu (126).JPG,Batik Cap Kembang Sepatu
Batik Cap Kembang Sepatu/Kembang Sepatu (105).JPG,Batik Cap Kembang Sepatu
Batik Cap Kembang Sepatu/Kembang Sepatu (154).JPG,Batik Cap Kembang Sepatu
Batik Cap Kembang Sepatu/Kembang Sepatu (17).JPG,Batik Cap Kembang Sepatu
Batik Cap Kembang Sepatu/Kembang Sepatu (26).JPG,Batik Cap Kembang Sepatu
Batik Cap Kembang Sepatu/Kembang Sepatu (30).JPG,Batik Cap Kembang Sepatu
Batik Cap Kembang Sepatu/Kembang Sepatu (102).JPG,Batik Cap Kembang Sepatu
Batik Cap Kembang Sepatu/Kembang Sepatu (96).JPG,Batik Cap Kembang Sepatu
Batik Cap Kembang Sepatu/Kembang Sepatu (173).JPG,Batik Cap Kembang Sepatu
Batik Cap Kembang Sepatu/Kembang Sepatu (58).JPG,Batik Cap Kembang Sepatu
Batik Cap Kembang Sepatu/Kembang Sepatu (53).JPG,Batik Cap Kembang Sepatu
Batik Cap Kembang Sepatu/Kembang Sepatu (49).JPG,Batik Cap Kembang Sepatu
Batik Cap Kembang Sepatu/Kembang Sepatu (185).JPG,Batik Cap Kembang Sepatu
Batik Cap Kembang Sepatu/Kembang Sepatu (252).JPG,Batik Cap Kembang Sepatu
Batik Cap Kembang Sepatu/Kembang Sepatu (144).JPG,Batik Cap Kembang Sepatu
Batik Cap Kembang Sepatu/Kembang Sepatu (59).JPG,Batik Cap Kembang Sepatu
Batik Cap Kembang Sepatu/Kembang Sepatu (168).JPG,Batik Cap Kembang Sepatu
Batik Cap Kembang Sepatu/Kembang Sepatu (123).JPG,Batik Cap Kembang Sepatu
Batik Cap Kembang Sepatu/Kembang Sepatu (215).JPG,Batik Cap Kembang Sepatu
Batik Cap Kembang Sepatu/Kembang Sepatu (14).JPG,Batik Cap Kembang Sepatu
Batik Cap Kembang Sepatu/Kembang Sepatu (214).JPG,Batik Cap Kembang Sepatu
Batik Cap Kembang Sepatu/Kembang Sepatu (51).JPG,Batik Cap Kembang Sepatu
Batik Cap Kembang Sepatu/Kembang Sepatu (1).JPG,Batik Cap Kembang Sepatu
Batik Cap Kembang Sepatu/Kembang Sepatu (43).JPG,Batik Cap Kembang Sepatu
Batik Cap Kembang Sepatu/Kembang Sepatu (250).JPG,Batik Cap Kembang Sepatu
Batik Cap Kembang Sepatu/Kembang Sepatu (87).JPG,Batik Cap Kembang Sepatu
Batik Cap Kembang Sepatu/Kembang Sepatu (167).JPG,Batik Cap Kembang Sepatu
Batik Cap Kembang Sepatu/Kembang Sepatu (36).JPG,Batik Cap Kembang Sepatu
Batik Cap Kembang Sepatu/Kembang Sepatu (178).JPG,Batik Cap Kembang Sepatu
Batik Cap Kembang Sepatu/Kembang Sepatu (280).JPG,Batik Cap Kembang Sepatu
Batik Cap Kembang Sepatu/Kembang Sepatu (265).JPG,Batik Cap Kembang Sepatu
Batik Cap Kembang Sepatu/Kembang Sepatu (125).JPG,Batik Cap Kembang Sepatu
Batik Cap Kembang Sepatu/Kembang Sepatu (100).JPG,Batik Cap Kembang Sepatu
Batik Cap Kembang Sepatu/Kembang Sepatu (226).JPG,Batik Cap Kembang Sepatu
Batik Cap Kembang Sepatu/Kembang Sepatu (157).JPG,Batik Cap Kembang Sepatu
Batik Cap Kembang Sepatu/Kembang Sepatu (65).JPG,Batik Cap Kembang Sepatu
Batik Cap Kembang Sepatu/Kembang Sepatu (86).JPG,Batik Cap Kembang Sepatu
Batik Cap Kembang Sepatu/Kembang Sepatu (249).JPG,Batik Cap Kembang Sepatu
Batik Cap Kembang Sepatu/Kembang Sepatu (76).JPG,Batik Cap Kembang Sepatu
Batik Cap Kembang Sepatu/Kembang Sepatu (188).JPG,Batik Cap Kembang Sepatu
Batik Cap Kembang Sepatu/Kembang Sepatu (28).JPG,Batik Cap Kembang Sepatu
Batik Cap Kembang Sepatu/Kembang Sepatu (236).JPG,Batik Cap Kembang Sepatu
Batik Cap Kembang Sepatu/Kembang Sepatu (197).JPG,Batik Cap Kembang Sepatu
Batik Cap Kembang Sepatu/Kembang Sepatu (60).JPG,Batik Cap Kembang Sepatu
Batik Cap Kembang Sepatu/Kembang Sepatu (243).JPG,Batik Cap Kembang Sepatu
Batik Cap Kembang Sepatu/Kembang Sepatu (134).JPG,Batik Cap Kembang Sepatu
Batik Cap Kembang Sepatu/Kembang Sepatu (124).JPG,Batik Cap Kembang Sepatu
Batik Cap Kembang Sepatu/Kembang Sepatu (98).JPG,Batik Cap Kembang Sepatu
Batik Cap Kembang Sepatu/Kembang Sepatu (12).JPG,Batik Cap Kembang Sepatu
Batik Cap Kembang Sepatu/Kembang Sepatu (212).JPG,Batik Cap Kembang Sepatu
Batik Cap Kembang Sepatu/Kembang Sepatu (216).JPG,Batik Cap Kembang Sepatu
Batik Cap Kembang Sepatu/Kembang Sepatu (268).JPG,Batik Cap Kembang Sepatu
Batik Cap Kembang Sepatu/Kembang Sepatu (29).JPG,Batik Cap Kembang Sepatu
Batik Cap Kembang Sepatu/Kembang Sepatu (182).JPG,Batik Cap Kembang Sepatu
Batik Cap Kembang Sepatu/Kembang Sepatu (281).JPG,Batik Cap Kembang Sepatu
Batik Cap Kembang Sepatu/Kembang Sepatu (263).JPG,Batik Cap Kembang Sepatu
Batik Cap Kembang Sepatu/Kembang Sepatu (198).JPG,Batik Cap Kembang Sepatu
Batik Cap Kembang Sepatu/Kembang Sepatu (233).JPG,Batik Cap Kembang Sepatu
Batik Cap Kembang Sepatu/Kembang Sepatu (269).JPG,Batik Cap Kembang Sepatu
Batik Cap Kembang Sepatu/Kembang Sepatu (222).JPG,Batik Cap Kembang Sepatu
Batik Cap Kembang Sepatu/Kembang Sepatu (228).JPG,Batik Cap Kembang Sepatu
Batik Cap Kembang Sepatu/Kembang Sepatu (62).JPG,Batik Cap Kembang Sepatu
Batik Cap Kembang Sepatu/Kembang Sepatu (130).JPG,Batik Cap Kembang Sepatu
Batik Cap Kembang Sepatu/Kembang Sepatu (16).JPG,Batik Cap Kembang Sepatu
Batik Cap Kembang Sepatu/Kembang Sepatu (131).JPG,Batik Cap Kembang Sepatu
Batik Cap Kembang Sepatu/Kembang Sepatu (204).JPG,Batik Cap Kembang Sepatu
Batik Cap Kembang Sepatu/Kembang Sepatu (247).JPG,Batik Cap Kembang Sepatu
Batik Cap Kembang Sepatu/Kembang Sepatu (83).JPG,Batik Cap Kembang Sepatu
Batik Cap Kembang Sepatu/Kembang Sepatu (213).JPG,Batik Cap Kembang Sepatu
Batik Cap Kembang Sepatu/Kembang Sepatu (25).JPG,Batik Cap Kembang Sepatu
Batik Cap Kembang Sepatu/Kembang Sepatu (279).JPG,Batik Cap Kembang Sepatu
Batik Cap Kembang Sepatu/Kembang Sepatu (282).JPG,Batik Cap Kembang Sepatu
Batik Cap Kembang Sepatu/Kembang Sepatu (67).JPG,Batik Cap Kembang Sepatu
Batik Cap Kembang Sepatu/Kembang Sepatu (23).JPG,Batik Cap Kembang Sepatu
Batik Cap Kembang Sepatu/Kembang Sepatu (148).JPG,Batik Cap Kembang Sepatu
Batik Cap Kembang Sepatu/Kembang Sepatu (9).JPG,Batik Cap Kembang Sepatu
Batik Cap Kembang Sepatu/Kembang Sepatu (8).JPG,Batik Cap Kembang Sepatu
Batik Cap Kembang Sepatu/Kembang Sepatu (191).JPG,Batik Cap Kembang Sepatu
Batik Cap Kembang Sepatu/Kembang Sepatu (171).JPG,Batik Cap Kembang Sepatu
Batik Cap Kembang Sepatu/Kembang Sepatu (106).JPG,Batik Cap Kembang Sepatu
Batik Cap Kembang Sepatu/Kembang Sepatu (52).JPG,Batik Cap Kembang Sepatu
Batik Cap Kembang Sepatu/Kembang Sepatu (111).JPG,Batik Cap Kembang Sepatu
Batik Cap Kembang Sepatu/Kembang Sepatu (278).JPG,Batik Cap Kembang Sepatu
Batik Cap Kembang Sepatu/Kembang Sepatu (276).JPG,Batik Cap Kembang Sepatu
Batik Cap Kembang Sepatu/Kembang Sepatu (174).JPG,Batik Cap Kembang Sepatu
Batik Cap Kembang Sepatu/Kembang Sepatu (257).JPG,Batik Cap Kembang Sepatu
Batik Cap Kembang Sepatu/Kembang Sepatu (15).JPG,Batik Cap Kembang Sepatu
Batik Cap Kembang Sepatu/Kembang Sepatu (74).JPG,Batik Cap Kembang Sepatu
Batik Cap Kembang Sepatu/Kembang Sepatu (66).JPG,Batik Cap Kembang Sepatu
Batik Cap Kembang Sepatu/Kembang Sepatu (246).JPG,Batik Cap Kembang Sepatu
Batik Cap Kembang Sepatu/Kembang Sepatu (161).JPG,Batik Cap Kembang Sepatu
Batik Cap Kembang Sepatu/Kembang Sepatu (45).JPG,Batik Cap Kembang Sepatu
Batik Cap Kembang Sepatu/Kembang Sepatu (205).JPG,Batik Cap Kembang Sepatu
Batik Cap Kembang Sepatu/Kembang Sepatu (4).JPG,Batik Cap Kembang Sepatu
Batik Cap Kembang Sepatu/Kembang Sepatu (155).JPG,Batik Cap Kembang Sepatu
Batik Cap Kembang Sepatu/Kembang Sepatu (267).JPG,Batik Cap Kembang Sepatu
Batik Cap Kembang Sepatu/Kembang Sepatu (221).JPG,Batik Cap Kembang Sepatu
Batik Cap Kembang Sepatu/Kembang Sepatu (138).JPG,Batik Cap Kembang Sepatu
Batik Cap Kembang Sepatu/Kembang Sepatu (42).JPG,Batik Cap Kembang Sepatu
Batik Cap Kembang Sepatu/Kembang Sepatu (239).JPG,Batik Cap Kembang Sepatu
Batik Cap Kembang Sepatu/Kembang Sepatu (115).JPG,Batik Cap Kembang Sepatu
Batik Cap Kembang Sepatu/Kembang Sepatu (248).JPG,Batik Cap Kembang Sepatu
Batik Cap Kembang Sepatu/Kembang Sepatu (75).JPG,Batik Cap Kembang Sepatu
Batik Cap Kembang Sepatu/Kembang Sepatu (260).JPG,Batik Cap Kembang Sepatu
Batik Cap Kembang Sepatu/Kembang Sepatu (160).JPG,Batik Cap Kembang Sepatu
Batik Cap Kembang Sepatu/Kembang Sepatu (253).JPG,Batik Cap Kembang Sepatu
Batik Cap Kembang Sepatu/Kembang Sepatu (147).JPG,Batik Cap Kembang Sepatu
Batik Cap Kembang Sepatu/Kembang Sepatu (180).JPG,Batik Cap Kembang Sepatu
Batik Cap Kembang Sepatu/Kembang Sepatu (184).JPG,Batik Cap Kembang Sepatu
Batik Cap Kembang Sepatu/Kembang Sepatu (136).JPG,Batik Cap Kembang Sepatu
Batik Cap Kembang Sepatu/Kembang Sepatu (183).JPG,Batik Cap Kembang Sepatu
Batik Cap Kembang Sepatu/Kembang Sepatu (291).JPG,Batik Cap Kembang Sepatu
Batik Cap Kembang Sepatu/Kembang Sepatu (245).JPG,Batik Cap Kembang Sepatu
Batik Cap Kembang Sepatu/Kembang Sepatu (203).JPG,Batik Cap Kembang Sepatu
Batik Cap Kembang Sepatu/Kembang Sepatu (94).JPG,Batik Cap Kembang Sepatu
Batik Cap Semarangan/Semarangan (1).JPG,Batik Cap Semarangan
Batik Cap Semarangan/Semarangan (10).JPG,Batik Cap Semarangan
Batik Cap Semarangan/Semarangan (100).JPG,Batik Cap Semarangan
Batik Cap Semarangan/Semarangan (101).JPG,Batik Cap Semarangan
Batik Cap Semarangan/Semarangan (102).JPG,Batik Cap Semarangan
Batik Cap Semarangan/Semarangan (103).JPG,Batik Cap Semarangan
Batik Cap Semarangan/Semarangan (104).JPG,Batik Cap Semarangan
Batik Cap Semarangan/Semarangan (105).JPG,Batik Cap Semarangan
Batik Cap Semarangan/Semarangan (106).JPG,Batik Cap Semarangan
Batik Cap Semarangan/Semarangan (107).JPG,Batik Cap Semarangan
Batik Cap Semarangan/Semarangan (108).JPG,Batik Cap Semarangan
Batik Cap Semarangan/Semarangan (109).JPG,Batik Cap Semarangan
Batik Cap Semarangan/Semarangan (11).JPG,Batik Cap Semarangan
Batik Cap Semarangan/Semarangan (110).JPG,Batik Cap Semarangan
Batik Cap Semarangan/Semarangan (111).JPG,Batik Cap Semarangan
Batik Cap Semarangan/Semarangan (112).JPG,Batik Cap Semarangan
Batik Cap Semarangan/Semarangan (117).JPG,Batik Cap Semarangan
Batik Cap Semarangan/Semarangan (118).JPG,Batik Cap Semarangan
Batik Cap Semarangan/Semarangan (119).JPG,Batik Cap Semarangan
Batik Cap Semarangan/Semarangan (12).JPG,Batik Cap Semarangan
Batik Cap Semarangan/Semarangan (120).JPG,Batik Cap Semarangan
Batik Cap Semarangan/Semarangan (121).JPG,Batik Cap Semarangan
Batik Cap Semarangan/Semarangan (122).JPG,Batik Cap Semarangan
Batik Cap Semarangan/Semarangan (123).JPG,Batik Cap Semarangan
Batik Cap Semarangan/Semarangan (124).JPG,Batik Cap Semarangan
Batik Cap Semarangan/Semarangan (125).JPG,Batik Cap Semarangan
Batik Cap Semarangan/Semarangan (126).JPG,Batik Cap Semarangan
Batik Cap Semarangan/Semarangan (127).JPG,Batik Cap Semarangan
Batik Cap Semarangan/Semarangan (128).JPG,Batik Cap Semarangan
Batik Cap Semarangan/Semarangan (129).JPG,Batik Cap Semarangan
Batik Cap Semarangan/Semarangan (13).JPG,Batik Cap Semarangan
Batik Cap Semarangan/Semarangan (130).JPG,Batik Cap Semarangan
Batik Cap Semarangan/Semarangan (131).JPG,Batik Cap Semarangan
Batik Cap Semarangan/Semarangan (132).JPG,Batik Cap Semarangan
Batik Cap Semarangan/Semarangan (133).JPG,Batik Cap Semarangan
Batik Cap Semarangan/Semarangan (134).JPG,Batik Cap Semarangan
Batik Cap Semarangan/Semarangan (135).JPG,Batik Cap Semarangan
Batik Cap Semarangan/Semarangan (136).JPG,Batik Cap Semarangan
Batik Cap Semarangan/Semarangan (14).JPG,Batik Cap Semarangan
Batik Cap Semarangan/Semarangan (145).JPG,Batik Cap Semarangan
Batik Cap Semarangan/Semarangan (146).JPG,Batik Cap Semarangan
Batik Cap Semarangan/Semarangan (147).JPG,Batik Cap Semarangan
Batik Cap Semarangan/Semarangan (148).JPG,Batik Cap Semarangan
Batik Cap Semarangan/Semarangan (149).JPG,Batik Cap Semarangan
Batik Cap Semarangan/Semarangan (15).JPG,Batik Cap Semarangan
Batik Cap Semarangan/Semarangan (150).JPG,Batik Cap Semarangan
Batik Cap Semarangan/Semarangan (151).JPG,Batik Cap Semarangan
Batik Cap Semarangan/Semarangan (152).JPG,Batik Cap Semarangan
Batik Cap Semarangan/Semarangan (153).JPG,Batik Cap Semarangan
Batik Cap Semarangan/Semarangan (154).JPG,Batik Cap Semarangan
Batik Cap Semarangan/Semarangan (155).JPG,Batik Cap Semarangan
Batik Cap Semarangan/Semarangan (156).JPG,Batik Cap Semarangan
Batik Cap Semarangan/Semarangan (157).JPG,Batik Cap Semarangan
Batik Cap Semarangan/Semarangan (158).JPG,Batik Cap Semarangan
Batik Cap Semarangan/Semarangan (159).JPG,Batik Cap Semarangan
Batik Cap Semarangan/Semarangan (16).JPG,Batik Cap Semarangan
Batik Cap Semarangan/Semarangan (160).JPG,Batik Cap Semarangan
Batik Cap Semarangan/Semarangan (161).JPG,Batik Cap Semarangan
Batik Cap Semarangan/Semarangan (162).JPG,Batik Cap Semarangan
Batik Cap Semarangan/Semarangan (163).JPG,Batik Cap Semarangan
Batik Cap Semarangan/Semarangan (164).JPG,Batik Cap Semarangan
Batik Cap Semarangan/Semarangan (165).JPG,Batik Cap Semarangan
Batik Cap Semarangan/Semarangan (166).JPG,Batik Cap Semarangan
Batik Cap Semarangan/Semarangan (167).JPG,Batik Cap Semarangan
Batik Cap Semarangan/Semarangan (168).JPG,Batik Cap Semarangan
Batik Cap Semarangan/Semarangan (169).JPG,Batik Cap Semarangan
Batik Cap Semarangan/Semarangan (17).JPG,Batik Cap Semarangan
Batik Cap Semarangan/Semarangan (170).JPG,Batik Cap Semarangan
Batik Cap Semarangan/Semarangan (171).JPG,Batik Cap Semarangan
Batik Cap Semarangan/Semarangan (172).JPG,Batik Cap Semarangan
Batik Cap Semarangan/Semarangan (18).JPG,Batik Cap Semarangan
Batik Cap Semarangan/Semarangan (185).JPG,Batik Cap Semarangan
Batik Cap Semarangan/Semarangan (186).JPG,Batik Cap Semarangan
Batik Cap Semarangan/Semarangan (187).JPG,Batik Cap Semarangan
Batik Cap Semarangan/Semarangan (188).JPG,Batik Cap Semarangan
Batik Cap Semarangan/Semarangan (19).JPG,Batik Cap Semarangan
Batik Cap Semarangan/Semarangan (2).JPG,Batik Cap Semarangan
Batik Cap Semarangan/Semarangan (20).JPG,Batik Cap Semarangan
Batik Cap Semarangan/Semarangan (205).JPG,Batik Cap Semarangan
Batik Cap Semarangan/Semarangan (206).JPG,Batik Cap Semarangan
Batik Cap Semarangan/Semarangan (207).JPG,Batik Cap Semarangan
Batik Cap Semarangan/Semarangan (208).JPG,Batik Cap Semarangan
Batik Cap Semarangan/Semarangan (209).JPG,Batik Cap Semarangan
Batik Cap Semarangan/Semarangan (21).JPG,Batik Cap Semarangan
Batik Cap Semarangan/Semarangan (210).JPG,Batik Cap Semarangan
Batik Cap Semarangan/Semarangan (211).JPG,Batik Cap Semarangan
Batik Cap Semarangan/Semarangan (212).JPG,Batik Cap Semarangan
Batik Cap Semarangan/Semarangan (213).JPG,Batik Cap Semarangan
Batik Cap Semarangan/Semarangan (214).JPG,Batik Cap Semarangan
Batik Cap Semarangan/Semarangan (215).JPG,Batik Cap Semarangan
Batik Cap Semarangan/Semarangan (216).JPG,Batik Cap Semarangan
Batik Cap Semarangan/Semarangan (22).JPG,Batik Cap Semarangan
Batik Cap Semarangan/Semarangan (221).JPG,Batik Cap Semarangan
Batik Cap Semarangan/Semarangan (222).JPG,Batik Cap Semarangan
Batik Cap Semarangan/Semarangan (223).JPG,Batik Cap Semarangan
Batik Cap Semarangan/Semarangan (224).JPG,Batik Cap Semarangan
Batik Cap Semarangan/Semarangan (225).JPG,Batik Cap Semarangan
Batik Cap Semarangan/Semarangan (226).JPG,Batik Cap Semarangan
Batik Cap Semarangan/Semarangan (227).JPG,Batik Cap Semarangan
Batik Cap Semarangan/Semarangan (228).JPG,Batik Cap Semarangan
Batik Cap Semarangan/Semarangan (229).JPG,Batik Cap Semarangan
Batik Cap Semarangan/Semarangan (23).JPG,Batik Cap Semarangan
Batik Cap Semarangan/Semarangan (230).JPG,Batik Cap Semarangan
Batik Cap Semarangan/Semarangan (231).JPG,Batik Cap Semarangan
Batik Cap Semarangan/Semarangan (232).JPG,Batik Cap Semarangan
Batik Cap Semarangan/Semarangan (233).JPG,Batik Cap Semarangan
Batik Cap Semarangan/Semarangan (234).JPG,Batik Cap Semarangan
Batik Cap Semarangan/Semarangan (235).JPG,Batik Cap Semarangan
Batik Cap Semarangan/Semarangan (236).JPG,Batik Cap Semarangan
Batik Cap Semarangan/Semarangan (237).JPG,Batik Cap Semarangan
Batik Cap Semarangan/Semarangan (238).JPG,Batik Cap Semarangan
Batik Cap Semarangan/Semarangan (239).JPG,Batik Cap Semarangan
Batik Cap Semarangan/Semarangan (24).JPG,Batik Cap Semarangan
Batik Cap Semarangan/Semarangan (240).JPG,Batik Cap Semarangan
Batik Cap Semarangan/Semarangan (241).JPG,Batik Cap Semarangan
Batik Cap Semarangan/Semarangan (242).JPG,Batik Cap Semarangan
Batik Cap Semarangan/Semarangan (243).JPG,Batik Cap Semarangan
Batik Cap Semarangan/Semarangan (244).JPG,Batik Cap Semarangan
Batik Cap Semarangan/Semarangan (245).JPG,Batik Cap Semarangan
Batik Cap Semarangan/Semarangan (246).JPG,Batik Cap Semarangan
Batik Cap Semarangan/Semarangan (247).JPG,Batik Cap Semarangan
Batik Cap Semarangan/Semarangan (248).JPG,Batik Cap Semarangan
Batik Cap Semarangan/Semarangan (249).JPG,Batik Cap Semarangan
Batik Cap Semarangan/Semarangan (25).JPG,Batik Cap Semarangan
Batik Cap Semarangan/Semarangan (250).JPG,Batik Cap Semarangan
Batik Cap Semarangan/Semarangan (251).JPG,Batik Cap Semarangan
Batik Cap Semarangan/Semarangan (252).JPG,Batik Cap Semarangan
Batik Cap Semarangan/Semarangan (253).JPG,Batik Cap Semarangan
Batik Cap Semarangan/Semarangan (254).JPG,Batik Cap Semarangan
Batik Cap Semarangan/Semarangan (255).JPG,Batik Cap Semarangan
Batik Cap Semarangan/Semarangan (256).JPG,Batik Cap Semarangan
Batik Cap Semarangan/Semarangan (257).JPG,Batik Cap Semarangan
Batik Cap Semarangan/Semarangan (258).JPG,Batik Cap Semarangan
Batik Cap Semarangan/Semarangan (259).JPG,Batik Cap Semarangan
Batik Cap Semarangan/Semarangan (26).JPG,Batik Cap Semarangan
Batik Cap Semarangan/Semarangan (260).JPG,Batik Cap Semarangan
Batik Cap Semarangan/Semarangan (261).JPG,Batik Cap Semarangan
Batik Cap Semarangan/Semarangan (262).JPG,Batik Cap Semarangan
Batik Cap Semarangan/Semarangan (263).JPG,Batik Cap Semarangan
Batik Cap Semarangan/Semarangan (264).JPG,Batik Cap Semarangan
Batik Cap Semarangan/Semarangan (265).JPG,Batik Cap Semarangan
Batik Cap Semarangan/Semarangan (266).JPG,Batik Cap Semarangan
Batik Cap Semarangan/Semarangan (267).JPG,Batik Cap Semarangan
Batik Cap Semarangan/Semarangan (268).JPG,Batik Cap Semarangan
Batik Cap Semarangan/Semarangan (269).JPG,Batik Cap Semarangan
Batik Cap Semarangan/Semarangan (27).JPG,Batik Cap Semarangan
Batik Cap Semarangan/Semarangan (270).JPG,Batik Cap Semarangan
Batik Cap Semarangan/Semarangan (271).JPG,Batik Cap Semarangan
Batik Cap Semarangan/Semarangan (272).JPG,Batik Cap Semarangan
Batik Cap Semarangan/Semarangan (273).JPG,Batik Cap Semarangan
Batik Cap Semarangan/Semarangan (274).JPG,Batik Cap Semarangan
Batik Cap Semarangan/Semarangan (275).JPG,Batik Cap Semarangan
Batik Cap Semarangan/Semarangan (276).JPG,Batik Cap Semarangan
Batik Cap Semarangan/Semarangan (277).JPG,Batik Cap Semarangan
Batik Cap Semarangan/Semarangan (278).JPG,Batik Cap Semarangan
Batik Cap Semarangan/Semarangan (279).JPG,Batik Cap Semarangan
Batik Cap Semarangan/Semarangan (28).JPG,Batik Cap Semarangan
Batik Cap Semarangan/Semarangan (280).JPG,Batik Cap Semarangan
Batik Cap Semarangan/Semarangan (281).JPG,Batik Cap Semarangan
Batik Cap Semarangan/Semarangan (282).JPG,Batik Cap Semarangan
Batik Cap Semarangan/Semarangan (283).JPG,Batik Cap Semarangan
Batik Cap Semarangan/Semarangan (284).JPG,Batik Cap Semarangan
Batik Cap Semarangan/Semarangan (285).JPG,Batik Cap Semarangan
Batik Cap Semarangan/Semarangan (286).JPG,Batik Cap Semarangan
Batik Cap Semarangan/Semarangan (287).JPG,Batik Cap Semarangan
Batik Cap Semarangan/Semarangan (288).JPG,Batik Cap Semarangan
Batik Cap Semarangan/Semarangan (289).JPG,Batik Cap Semarangan
Batik Cap Semarangan/Semarangan (29).JPG,Batik Cap Semarangan
Batik Cap Semarangan/Semarangan (290).JPG,Batik Cap Semarangan
Batik Cap Semarangan/Semarangan (291).JPG,Batik Cap Semarangan
Batik Cap Semarangan/Semarangan (292).JPG,Batik Cap Semarangan
Batik Cap Semarangan/Semarangan (293).JPG,Batik Cap Semarangan
Batik Cap Semarangan/Semarangan (294).JPG,Batik Cap Semarangan
Batik Cap Semarangan/Semarangan (295).JPG,Batik Cap Semarangan
Batik Cap Semarangan/Semarangan (296).JPG,Batik Cap Semarangan
Batik Cap Semarangan/Semarangan (297).JPG,Batik Cap Semarangan
Batik Cap Semarangan/Semarangan (298).JPG,Batik Cap Semarangan
Batik Cap Semarangan/Semarangan (299).JPG,Batik Cap Semarangan
Batik Cap Semarangan/Semarangan (3).JPG,Batik Cap Semarangan
Batik Cap Semarangan/Semarangan (30).JPG,Batik Cap Semarangan
Batik Cap Semarangan/Semarangan (300).JPG,Batik Cap Semarangan
Batik Cap Semarangan/Semarangan (301).JPG,Batik Cap Semarangan
Batik Cap Semarangan/Semarangan (302).JPG,Batik Cap Semarangan
Batik Cap Semarangan/Semarangan (303).JPG,Batik Cap Semarangan
Batik Cap Semarangan/Semarangan (304).JPG,Batik Cap Semarangan
Batik Cap Semarangan/Semarangan (31).JPG,Batik Cap Semarangan
Batik Cap Semarangan/Semarangan (32).JPG,Batik Cap Semarangan
Batik Cap Semarangan/Semarangan (33).JPG,Batik Cap Semarangan
Batik Cap Semarangan/Semarangan (34).JPG,Batik Cap Semarangan
Batik Cap Semarangan/Semarangan (35).JPG,Batik Cap Semarangan
Batik Cap Semarangan/Semarangan (36).JPG,Batik Cap Semarangan
Batik Cap Semarangan/Semarangan (37).JPG,Batik Cap Semarangan
Batik Cap Semarangan/Semarangan (38).JPG,Batik Cap Semarangan
Batik Cap Semarangan/Semarangan (39).JPG,Batik Cap Semarangan
Batik Cap Semarangan/Semarangan (4).JPG,Batik Cap Semarangan
Batik Cap Semarangan/Semarangan (40).JPG,Batik Cap Semarangan
Batik Cap Semarangan/Semarangan (41).JPG,Batik Cap Semarangan
Batik Cap Semarangan/Semarangan (42).JPG,Batik Cap Semarangan
Batik Cap Semarangan/Semarangan (43).JPG,Batik Cap Semarangan
Batik Cap Semarangan/Semarangan (44).JPG,Batik Cap Semarangan
Batik Cap Semarangan/Semarangan (45).JPG,Batik Cap Semarangan
Batik Cap Semarangan/Semarangan (46).JPG,Batik Cap Semarangan
Batik Cap Semarangan/Semarangan (47).JPG,Batik Cap Semarangan
Batik Cap Semarangan/Semarangan (48).JPG,Batik Cap Semarangan
Batik Cap Semarangan/Semarangan (49).JPG,Batik Cap Semarangan
Batik Cap Semarangan/Semarangan (5).JPG,Batik Cap Semarangan
Batik Cap Semarangan/Semarangan (50).JPG,Batik Cap Semarangan
Batik Cap Semarangan/Semarangan (51).JPG,Batik Cap Semarangan
Batik Cap Semarangan/Semarangan (52).JPG,Batik Cap Semarangan
Batik Cap Semarangan/Semarangan (53).JPG,Batik Cap Semarangan
Batik Cap Semarangan/Semarangan (54).JPG,Batik Cap Semarangan
Batik Cap Semarangan/Semarangan (55).JPG,Batik Cap Semarangan
Batik Cap Semarangan/Semarangan (56).JPG,Batik Cap Semarangan
Batik Cap Semarangan/Semarangan (57).JPG,Batik Cap Semarangan
Batik Cap Semarangan/Semarangan (58).JPG,Batik Cap Semarangan
Batik Cap Semarangan/Semarangan (59).JPG,Batik Cap Semarangan
Batik Cap Semarangan/Semarangan (6).JPG,Batik Cap Semarangan
Batik Cap Semarangan/Semarangan (60).JPG,Batik Cap Semarangan
Batik Cap Semarangan/Semarangan (61).JPG,Batik Cap Semarangan
Batik Cap Semarangan/Semarangan (62).JPG,Batik Cap Semarangan
Batik Cap Semarangan/Semarangan (63).JPG,Batik Cap Semarangan
Batik Cap Semarangan/Semarangan (64).JPG,Batik Cap Semarangan
Batik Cap Semarangan/Semarangan (65).JPG,Batik Cap Semarangan
Batik Cap Semarangan/Semarangan (66).JPG,Batik Cap Semarangan
Batik Cap Semarangan/Semarangan (67).JPG,Batik Cap Semarangan
Batik Cap Semarangan/Semarangan (68).JPG,Batik Cap Semarangan
Batik Cap Semarangan/Semarangan (69).JPG,Batik Cap Semarangan
Batik Cap Semarangan/Semarangan (7).JPG,Batik Cap Semarangan
Batik Cap Semarangan/Semarangan (70).JPG,Batik Cap Semarangan
Batik Cap Semarangan/Semarangan (71).JPG,Batik Cap Semarangan
Batik Cap Semarangan/Semarangan (72).JPG,Batik Cap Semarangan
Batik Cap Semarangan/Semarangan (73).JPG,Batik Cap Semarangan
Batik Cap Semarangan/Semarangan (74).JPG,Batik Cap Semarangan
Batik Cap Semarangan/Semarangan (75).JPG,Batik Cap Semarangan
Batik Cap Semarangan/Semarangan (76).JPG,Batik Cap Semarangan
Batik Cap Semarangan/Semarangan (77).JPG,Batik Cap Semarangan
Batik Cap Semarangan/Semarangan (78).JPG,Batik Cap Semarangan
Batik Cap Semarangan/Semarangan (79).JPG,Batik Cap Semarangan
Batik Cap Semarangan/Semarangan (8).JPG,Batik Cap Semarangan
Batik Cap Semarangan/Semarangan (80).JPG,Batik Cap Semarangan
Batik Cap Semarangan/Semarangan (81).JPG,Batik Cap Semarangan
Batik Cap Semarangan/Semarangan (82).JPG,Batik Cap Semarangan
Batik Cap Semarangan/Semarangan (83).JPG,Batik Cap Semarangan
Batik Cap Semarangan/Semarangan (84).JPG,Batik Cap Semarangan
Batik Cap Semarangan/Semarangan (85).JPG,Batik Cap Semarangan
Batik Cap Semarangan/Semarangan (86).JPG,Batik Cap Semarangan
Batik Cap Semarangan/Semarangan (87).JPG,Batik Cap Semarangan
Batik Cap Semarangan/Semarangan (88).JPG,Batik Cap Semarangan
Batik Cap Semarangan/Semarangan (89).JPG,Batik Cap Semarangan
Batik Cap Semarangan/Semarangan (9).JPG,Batik Cap Semarangan
Batik Cap Semarangan/Semarangan (90).JPG,Batik Cap Semarangan
Batik Cap Semarangan/Semarangan (91).JPG,Batik Cap Semarangan
Batik Cap Semarangan/Semarangan (92).JPG,Batik Cap Semarangan
Batik Cap Semarangan/Semarangan (93).JPG,Batik Cap Semarangan
Batik Cap Semarangan/Semarangan (94).JPG,Batik Cap Semarangan
Batik Cap Semarangan/Semarangan (95).JPG,Batik Cap Semarangan
Batik Cap Semarangan/Semarangan (96).JPG,Batik Cap Semarangan
Batik Cap Semarangan/Semarangan (97).JPG,Batik Cap Semarangan
Batik Cap Semarangan/Semarangan (98).JPG,Batik Cap Semarangan
Batik Cap Semarangan/Semarangan (99).JPG,Batik Cap Semarangan
Batik Cap Tugu Muda/Tugu Muda (195).JPG,Batik Cap Tugu Muda
Batik Cap Tugu Muda/Tugu Muda (44).JPG,Batik Cap Tugu Muda
Batik Cap Tugu Muda/Tugu Muda (132).JPG,Batik Cap Tugu Muda
Batik Cap Tugu Muda/Tugu Muda (18).JPG,Batik Cap Tugu Muda
Batik Cap Tugu Muda/Tugu Muda (128).JPG,Batik Cap Tugu Muda
Batik Cap Tugu Muda/Tugu Muda (54).JPG,Batik Cap Tugu Muda
Batik Cap Tugu Muda/Tugu Muda (272).JPG,Batik Cap Tugu Muda
Batik Cap Tugu Muda/Tugu Muda (207).JPG,Batik Cap Tugu Muda
Batik Cap Tugu Muda/Tugu Muda (116).JPG,Batik Cap Tugu Muda
Batik Cap Tugu Muda/Tugu Muda (31).JPG,Batik Cap Tugu Muda
Batik Cap Tugu Muda/Tugu Muda (120).JPG,Batik Cap Tugu Muda
Batik Cap Tugu Muda/Tugu Muda (95).JPG,Batik Cap Tugu Muda
Batik Cap Tugu Muda/Tugu Muda (192).JPG,Batik Cap Tugu Muda
Batik Cap Tugu Muda/Tugu Muda (298).JPG,Batik Cap Tugu Muda
Batik Cap Tugu Muda/Tugu Muda (284).JPG,Batik Cap Tugu Muda
Batik Cap Tugu Muda/Tugu Muda (97).JPG,Batik Cap Tugu Muda
Batik Cap Tugu Muda/Tugu Muda (91).JPG,Batik Cap Tugu Muda
Batik Cap Tugu Muda/Tugu Muda (133).JPG,Batik Cap Tugu Muda
Batik Cap Tugu Muda/Tugu Muda (241).JPG,Batik Cap Tugu Muda
Batik Cap Tugu Muda/Tugu Muda (255).JPG,Batik Cap Tugu Muda
Batik Cap Tugu Muda/Tugu Muda (5).JPG,Batik Cap Tugu Muda
Batik Cap Tugu Muda/Tugu Muda (10).JPG,Batik Cap Tugu Muda
Batik Cap Tugu Muda/Tugu Muda (300).JPG,Batik Cap Tugu Muda
Batik Cap Tugu Muda/Tugu Muda (55).JPG,Batik Cap Tugu Muda
Batik Cap Tugu Muda/Tugu Muda (229).JPG,Batik Cap Tugu Muda
Batik Cap Tugu Muda/Tugu Muda (219).JPG,Batik Cap Tugu Muda
Batik Cap Tugu Muda/Tugu Muda (50).JPG,Batik Cap Tugu Muda
Batik Cap Tugu Muda/Tugu Muda (285).JPG,Batik Cap Tugu Muda
Batik Cap Tugu Muda/Tugu Muda (177).JPG,Batik Cap Tugu Muda
Batik Cap Tugu Muda/Tugu Muda (103).JPG,Batik Cap Tugu Muda
Batik Cap Tugu Muda/Tugu Muda (84).JPG,Batik Cap Tugu Muda
Batik Cap Tugu Muda/Tugu Muda (21).JPG,Batik Cap Tugu Muda
Batik Cap Tugu Muda/Tugu Muda (270).JPG,Batik Cap Tugu Muda
Batik Cap Tugu Muda/Tugu Muda (13).JPG,Batik Cap Tugu Muda
Batik Cap Tugu Muda/Tugu Muda (37).JPG,Batik Cap Tugu Muda
Batik Cap Tugu Muda/Tugu Muda (262).JPG,Batik Cap Tugu Muda
Batik Cap Tugu Muda/Tugu Muda (56).JPG,Batik Cap Tugu Muda
Batik Cap Tugu Muda/Tugu Muda (196).JPG,Batik Cap Tugu Muda
Batik Cap Tugu Muda/Tugu Muda (202).JPG,Batik Cap Tugu Muda
Batik Cap Tugu Muda/Tugu Muda (142).JPG,Batik Cap Tugu Muda
Batik Cap Tugu Muda/Tugu Muda (57).JPG,Batik Cap Tugu Muda
Batik Cap Tugu Muda/Tugu Muda (47).JPG,Batik Cap Tugu Muda
Batik Cap Tugu Muda/Tugu Muda (78).JPG,Batik Cap Tugu Muda
Batik Cap Tugu Muda/Tugu Muda (165).JPG,Batik Cap Tugu Muda
Batik Cap Tugu Muda/Tugu Muda (70).JPG,Batik Cap Tugu Muda
Batik Cap Tugu Muda/Tugu Muda (19).JPG,Batik Cap Tugu Muda
Batik Cap Tugu Muda/Tugu Muda (64).JPG,Batik Cap Tugu Muda
Batik Cap Tugu Muda/Tugu Muda (242).JPG,Batik Cap Tugu Muda
Batik Cap Tugu Muda/Tugu Muda (287).JPG,Batik Cap Tugu Muda
Batik Cap Tugu Muda/Tugu Muda (149).JPG,Batik Cap Tugu Muda
Batik Cap Tugu Muda/Tugu Muda (104).JPG,Batik Cap Tugu Muda
Batik Cap Tugu Muda/Tugu Muda (71).JPG,Batik Cap Tugu Muda
Batik Cap Tugu Muda/Tugu Muda (122).JPG,Batik Cap Tugu Muda
Batik Cap Tugu Muda/Tugu Muda (39).JPG,Batik Cap Tugu Muda
Batik Cap Tugu Muda/Tugu Muda (200).JPG,Batik Cap Tugu Muda
Batik Cap Tugu Muda/Tugu Muda (224).JPG,Batik Cap Tugu Muda
Batik Cap Tugu Muda/Tugu Muda (237).JPG,Batik Cap Tugu Muda
Batik Cap Tugu Muda/Tugu Muda (194).JPG,Batik Cap Tugu Muda
Batik Cap Tugu Muda/Tugu Muda (85).JPG,Batik Cap Tugu Muda
Batik Cap Tugu Muda/Tugu Muda (27).JPG,Batik Cap Tugu Muda
Batik Cap Tugu Muda/Tugu Muda (38).JPG,Batik Cap Tugu Muda
Batik Cap Tugu Muda/Tugu Muda (48).JPG,Batik Cap Tugu Muda
Batik Cap Tugu Muda/Tugu Muda (140).JPG,Batik Cap Tugu Muda
Batik Cap Tugu Muda/Tugu Muda (6).JPG,Batik Cap Tugu Muda
Batik Cap Tugu Muda/Tugu Muda (34).JPG,Batik Cap Tugu Muda
Batik Cap Tugu Muda/Tugu Muda (295).JPG,Batik Cap Tugu Muda
Batik Cap Tugu Muda/Tugu Muda (41).JPG,Batik Cap Tugu Muda
Batik Cap Tugu Muda/Tugu Muda (218).JPG,Batik Cap Tugu Muda
Batik Cap Tugu Muda/Tugu Muda (158).JPG,Batik Cap Tugu Muda
Batik Cap Tugu Muda/Tugu Muda (286).JPG,Batik Cap Tugu Muda
Batik Cap Tugu Muda/Tugu Muda (137).JPG,Batik Cap Tugu Muda
Batik Cap Tugu Muda/Tugu Muda (217).JPG,Batik Cap Tugu Muda
Batik Cap Tugu Muda/Tugu Muda (72).JPG,Batik Cap Tugu Muda
Batik Cap Tugu Muda/Tugu Muda (73).JPG,Batik Cap Tugu Muda
Batik Cap Tugu Muda/Tugu Muda (33).JPG,Batik Cap Tugu Muda
Batik Cap Tugu Muda/Tugu Muda (107).JPG,Batik Cap Tugu Muda
Batik Cap Tugu Muda/Tugu Muda (22).JPG,Batik Cap Tugu Muda
Batik Cap Tugu Muda/Tugu Muda (189).JPG,Batik Cap Tugu Muda
Batik Cap Tugu Muda/Tugu Muda (77).JPG,Batik Cap Tugu Muda
Batik Cap Tugu Muda/Tugu Muda (24).JPG,Batik Cap Tugu Muda
Batik Cap Tugu Muda/Tugu Muda (69).JPG,Batik Cap Tugu Muda
Batik Cap Tugu Muda/Tugu Muda (235).JPG,Batik Cap Tugu Muda
Batik Cap Tugu Muda/Tugu Muda (240).JPG,Batik Cap Tugu Muda
Batik Cap Tugu Muda/Tugu Muda (3).JPG,Batik Cap Tugu Muda
Batik Cap Tugu Muda/Tugu Muda (232).JPG,Batik Cap Tugu Muda
Batik Cap Tugu Muda/Tugu Muda (289).JPG,Batik Cap Tugu Muda
Batik Cap Tugu Muda/Tugu Muda (127).JPG,Batik Cap Tugu Muda
Batik Cap Tugu Muda/Tugu Muda (89).JPG,Batik Cap Tugu Muda
Batik Cap Tugu Muda/Tugu Muda (99).JPG,Batik Cap Tugu Muda
Batik Cap Tugu Muda/Tugu Muda (159).JPG,Batik Cap Tugu Muda
Batik Cap Tugu Muda/Tugu Muda (259).JPG,Batik Cap Tugu Muda
Batik Cap Tugu Muda/Tugu Muda (7).JPG,Batik Cap Tugu Muda
Batik Cap Tugu Muda/Tugu Muda (288).JPG,Batik Cap Tugu Muda
Batik Cap Tugu Muda/Tugu Muda (176).JPG,Batik Cap Tugu Muda
Batik Cap Tugu Muda/Tugu Muda (145).JPG,Batik Cap Tugu Muda
Batik Cap Tugu Muda/Tugu Muda (223).JPG,Batik Cap Tugu Muda
Batik Cap Tugu Muda/Tugu Muda (181).JPG,Batik Cap Tugu Muda
Batik Cap Tugu Muda/Tugu Muda (46).JPG,Batik Cap Tugu Muda
Batik Cap Tugu Muda/Tugu Muda (179).JPG,Batik Cap Tugu Muda
Batik Cap Tugu Muda/Tugu Muda (244).JPG,Batik Cap Tugu Muda
Batik Cap Tugu Muda/Tugu Muda (186).JPG,Batik Cap Tugu Muda
Batik Cap Tugu Muda/Tugu Muda (293).JPG,Batik Cap Tugu Muda
Batik Cap Tugu Muda/Tugu Muda (290).JPG,Batik Cap Tugu Muda
Batik Cap Tugu Muda/Tugu Muda (275).JPG,Batik Cap Tugu Muda
Batik Cap Tugu Muda/Tugu Muda (169).JPG,Batik Cap Tugu Muda
Batik Cap Tugu Muda/Tugu Muda (230).JPG,Batik Cap Tugu Muda
Batik Cap Tugu Muda/Tugu Muda (129).JPG,Batik Cap Tugu Muda
Batik Cap Tugu Muda/Tugu Muda (118).JPG,Batik Cap Tugu Muda
Batik Cap Tugu Muda/Tugu Muda (162).JPG,Batik Cap Tugu Muda
Batik Cap Tugu Muda/Tugu Muda (153).JPG,Batik Cap Tugu Muda
Batik Cap Tugu Muda/Tugu Muda (175).JPG,Batik Cap Tugu Muda
Batik Cap Tugu Muda/Tugu Muda (210).JPG,Batik Cap Tugu Muda
Batik Cap Tugu Muda/Tugu Muda (32).JPG,Batik Cap Tugu Muda
Batik Cap Tugu Muda/Tugu Muda (271).JPG,Batik Cap Tugu Muda
Batik Cap Tugu Muda/Tugu Muda (238).JPG,Batik Cap Tugu Muda
Batik Cap Tugu Muda/Tugu Muda (81).JPG,Batik Cap Tugu Muda
Batik Cap Tugu Muda/Tugu Muda (283).JPG,Batik Cap Tugu Muda
Batik Cap Tugu Muda/Tugu Muda (193).JPG,Batik Cap Tugu Muda
Batik Cap Tugu Muda/Tugu Muda (297).JPG,Batik Cap Tugu Muda
Batik Cap Tugu Muda/Tugu Muda (63).JPG,Batik Cap Tugu Muda
Batik Cap Tugu Muda/Tugu Muda (209).JPG,Batik Cap Tugu Muda
Batik Cap Tugu Muda/Tugu Muda (108).JPG,Batik Cap Tugu Muda
Batik Cap Tugu Muda/Tugu Muda (208).JPG,Batik Cap Tugu Muda
Batik Cap Tugu Muda/Tugu Muda (164).JPG,Batik Cap Tugu Muda
Batik Cap Tugu Muda/Tugu Muda (82).JPG,Batik Cap Tugu Muda
Batik Cap Tugu Muda/Tugu Muda (126).JPG,Batik Cap Tugu Muda
Batik Cap Tugu Muda/Tugu Muda (105).JPG,Batik Cap Tugu Muda
Batik Cap Tugu Muda/Tugu Muda (154).JPG,Batik Cap Tugu Muda
Batik Cap Tugu Muda/Tugu Muda (17).JPG,Batik Cap Tugu Muda
Batik Cap Tugu Muda/Tugu Muda (26).JPG,Batik Cap Tugu Muda
Batik Cap Tugu Muda/Tugu Muda (30).JPG,Batik Cap Tugu Muda
Batik Cap Tugu Muda/Tugu Muda (102).JPG,Batik Cap Tugu Muda
Batik Cap Tugu Muda/Tugu Muda (96).JPG,Batik Cap Tugu Muda
Batik Cap Tugu Muda/Tugu Muda (173).JPG,Batik Cap Tugu Muda
Batik Cap Tugu Muda/Tugu Muda (58).JPG,Batik Cap Tugu Muda
Batik Cap Tugu Muda/Tugu Muda (53).JPG,Batik Cap Tugu Muda
Batik Cap Tugu Muda/Tugu Muda (49).JPG,Batik Cap Tugu Muda
Batik Cap Tugu Muda/Tugu Muda (185).JPG,Batik Cap Tugu Muda
Batik Cap Tugu Muda/Tugu Muda (252).JPG,Batik Cap Tugu Muda
Batik Cap Tugu Muda/Tugu Muda (144).JPG,Batik Cap Tugu Muda
Batik Cap Tugu Muda/Tugu Muda (59).JPG,Batik Cap Tugu Muda
Batik Cap Tugu Muda/Tugu Muda (168).JPG,Batik Cap Tugu Muda
Batik Cap Tugu Muda/Tugu Muda (123).JPG,Batik Cap Tugu Muda
Batik Cap Tugu Muda/Tugu Muda (215).JPG,Batik Cap Tugu Muda
Batik Cap Tugu Muda/Tugu Muda (14).JPG,Batik Cap Tugu Muda
Batik Cap Tugu Muda/Tugu Muda (214).JPG,Batik Cap Tugu Muda
Batik Cap Tugu Muda/Tugu Muda (51).JPG,Batik Cap Tugu Muda
Batik Cap Tugu Muda/Tugu Muda (1).JPG,Batik Cap Tugu Muda
Batik Cap Tugu Muda/Tugu Muda (43).JPG,Batik Cap Tugu Muda
Batik Cap Tugu Muda/Tugu Muda (250).JPG,Batik Cap Tugu Muda
Batik Cap Tugu Muda/Tugu Muda (87).JPG,Batik Cap Tugu Muda
Batik Cap Tugu Muda/Tugu Muda (167).JPG,Batik Cap Tugu Muda
Batik Cap Tugu Muda/Tugu Muda (36).JPG,Batik Cap Tugu Muda
Batik Cap Tugu Muda/Tugu Muda (178).JPG,Batik Cap Tugu Muda
Batik Cap Tugu Muda/Tugu Muda (280).JPG,Batik Cap Tugu Muda
Batik Cap Tugu Muda/Tugu Muda (265).JPG,Batik Cap Tugu Muda
Batik Cap Tugu Muda/Tugu Muda (125).JPG,Batik Cap Tugu Muda
Batik Cap Tugu Muda/Tugu Muda (100).JPG,Batik Cap Tugu Muda
Batik Cap Tugu Muda/Tugu Muda (226).JPG,Batik Cap Tugu Muda
Batik Cap Tugu Muda/Tugu Muda (157).JPG,Batik Cap Tugu Muda
Batik Cap Tugu Muda/Tugu Muda (65).JPG,Batik Cap Tugu Muda
Batik Cap Tugu Muda/Tugu Muda (86).JPG,Batik Cap Tugu Muda
Batik Cap Tugu Muda/Tugu Muda (249).JPG,Batik Cap Tugu Muda
Batik Cap Tugu Muda/Tugu Muda (76).JPG,Batik Cap Tugu Muda
Batik Cap Tugu Muda/Tugu Muda (188).JPG,Batik Cap Tugu Muda
Batik Cap Tugu Muda/Tugu Muda (28).JPG,Batik Cap Tugu Muda
Batik Cap Tugu Muda/Tugu Muda (236).JPG,Batik Cap Tugu Muda
Batik Cap Tugu Muda/Tugu Muda (197).JPG,Batik Cap Tugu Muda
Batik Cap Tugu Muda/Tugu Muda (60).JPG,Batik Cap Tugu Muda
Batik Cap Tugu Muda/Tugu Muda (243).JPG,Batik Cap Tugu Muda
Batik Cap Tugu Muda/Tugu Muda (134).JPG,Batik Cap Tugu Muda
Batik Cap Tugu Muda/Tugu Muda (124).JPG,Batik Cap Tugu Muda
Batik Cap Tugu Muda/Tugu Muda (98).JPG,Batik Cap Tugu Muda
Batik Cap Tugu Muda/Tugu Muda (12).JPG,Batik Cap Tugu Muda
Batik Cap Tugu Muda/Tugu Muda (212).JPG,Batik Cap Tugu Muda
Batik Cap Tugu Muda/Tugu Muda (216).JPG,Batik Cap Tugu Muda
Batik Cap Tugu Muda/Tugu Muda (268).JPG,Batik Cap Tugu Muda
Batik Cap Tugu Muda/Tugu Muda (29).JPG,Batik Cap Tugu Muda
Batik Cap Tugu Muda/Tugu Muda (182).JPG,Batik Cap Tugu Muda
Batik Cap Tugu Muda/Tugu Muda (281).JPG,Batik Cap Tugu Muda
Batik Cap Tugu Muda/Tugu Muda (263).JPG,Batik Cap Tugu Muda
Batik Cap Tugu Muda/Tugu Muda (198).JPG,Batik Cap Tugu Muda
Batik Cap Tugu Muda/Tugu Muda (233).JPG,Batik Cap Tugu Muda
Batik Cap Tugu Muda/Tugu Muda (269).JPG,Batik Cap Tugu Muda
Batik Cap Tugu Muda/Tugu Muda (222).JPG,Batik Cap Tugu Muda
Batik Cap Tugu Muda/Tugu Muda (228).JPG,Batik Cap Tugu Muda
Batik Cap Tugu Muda/Tugu Muda (62).JPG,Batik Cap Tugu Muda
Batik Cap Tugu Muda/Tugu Muda (130).JPG,Batik Cap Tugu Muda
Batik Cap Tugu Muda/Tugu Muda (16).JPG,Batik Cap Tugu Muda
Batik Cap Tugu Muda/Tugu Muda (131).JPG,Batik Cap Tugu Muda
Batik Cap Tugu Muda/Tugu Muda (204).JPG,Batik Cap Tugu Muda
Batik Cap Tugu Muda/Tugu Muda (247).JPG,Batik Cap Tugu Muda
Batik Cap Tugu Muda/Tugu Muda (83).JPG,Batik Cap Tugu Muda
Batik Cap Tugu Muda/Tugu Muda (213).JPG,Batik Cap Tugu Muda
Batik Cap Tugu Muda/Tugu Muda (25).JPG,Batik Cap Tugu Muda
Batik Cap Tugu Muda/Tugu Muda (279).JPG,Batik Cap Tugu Muda
Batik Cap Tugu Muda/Tugu Muda (282).JPG,Batik Cap Tugu Muda
Batik Cap Tugu Muda/Tugu Muda (67).JPG,Batik Cap Tugu Muda
Batik Cap Tugu Muda/Tugu Muda (23).JPG,Batik Cap Tugu Muda
Batik Cap Tugu Muda/Tugu Muda (148).JPG,Batik Cap Tugu Muda
Batik Cap Tugu Muda/Tugu Muda (9).JPG,Batik Cap Tugu Muda
Batik Cap Tugu Muda/Tugu Muda (8).JPG,Batik Cap Tugu Muda
Batik Cap Tugu Muda/Tugu Muda (191).JPG,Batik Cap Tugu Muda
Batik Cap Tugu Muda/Tugu Muda (171).JPG,Batik Cap Tugu Muda
Batik Cap Tugu Muda/Tugu Muda (106).JPG,Batik Cap Tugu Muda
Batik Cap Tugu Muda/Tugu Muda (52).JPG,Batik Cap Tugu Muda
Batik Cap Tugu Muda/Tugu Muda (111).JPG,Batik Cap Tugu Muda
Batik Cap Tugu Muda/Tugu Muda (278).JPG,Batik Cap Tugu Muda
Batik Cap Tugu Muda/Tugu Muda (276).JPG,Batik Cap Tugu Muda
Batik Cap Tugu Muda/Tugu Muda (174).JPG,Batik Cap Tugu Muda
Batik Cap Tugu Muda/Tugu Muda (257).JPG,Batik Cap Tugu Muda
Batik Cap Tugu Muda/Tugu Muda (15).JPG,Batik Cap Tugu Muda
Batik Cap Tugu Muda/Tugu Muda (74).JPG,Batik Cap Tugu Muda
Batik Cap Tugu Muda/Tugu Muda (66).JPG,Batik Cap Tugu Muda
Batik Cap Tugu Muda/Tugu Muda (246).JPG,Batik Cap Tugu Muda
Batik Cap Tugu Muda/Tugu Muda (161).JPG,Batik Cap Tugu Muda
Batik Cap Tugu Muda/Tugu Muda (45).JPG,Batik Cap Tugu Muda
Batik Cap Tugu Muda/Tugu Muda (205).JPG,Batik Cap Tugu Muda
Batik Cap Tugu Muda/Tugu Muda (4).JPG,Batik Cap Tugu Muda
Batik Cap Tugu Muda/Tugu Muda (155).JPG,Batik Cap Tugu Muda
Batik Cap Tugu Muda/Tugu Muda (267).JPG,Batik Cap Tugu Muda
Batik Cap Tugu Muda/Tugu Muda (221).JPG,Batik Cap Tugu Muda
Batik Cap Tugu Muda/Tugu Muda (138).JPG,Batik Cap Tugu Muda
Batik Cap Tugu Muda/Tugu Muda (42).JPG,Batik Cap Tugu Muda
Batik Cap Tugu Muda/Tugu Muda (239).JPG,Batik Cap Tugu Muda
Batik Cap Tugu Muda/Tugu Muda (115).JPG,Batik Cap Tugu Muda
Batik Cap Tugu Muda/Tugu Muda (248).JPG,Batik Cap Tugu Muda
Batik Cap Tugu Muda/Tugu Muda (75).JPG,Batik Cap Tugu Muda
Batik Cap Tugu Muda/Tugu Muda (260).JPG,Batik Cap Tugu Muda
Batik Cap Tugu Muda/Tugu Muda (160).JPG,Batik Cap Tugu Muda
Batik Cap Tugu Muda/Tugu Muda (253).JPG,Batik Cap Tugu Muda
Batik Cap Tugu Muda/Tugu Muda (147).JPG,Batik Cap Tugu Muda
Batik Cap Tugu Muda/Tugu Muda (180).JPG,Batik Cap Tugu Muda
Batik Cap Tugu Muda/Tugu Muda (184).JPG,Batik Cap Tugu Muda
Batik Cap Tugu Muda/Tugu Muda (136).JPG,Batik Cap Tugu Muda
Batik Cap Tugu Muda/Tugu Muda (183).JPG,Batik Cap Tugu Muda
Batik Cap Tugu Muda/Tugu Muda (291).JPG,Batik Cap Tugu Muda
Batik Cap Tugu Muda/Tugu Muda (245).JPG,Batik Cap Tugu Muda
Batik Cap Tugu Muda/Tugu Muda (203).JPG,Batik Cap Tugu Muda
Batik Cap Tugu Muda/Tugu Muda (94).JPG,Batik Cap Tugu Muda
Batik Cap Warak Beras Utah/Warak Beras Utah (1).JPG,Batik Cap Warak Beras Utah
Batik Cap Warak Beras Utah/Warak Beras Utah (10).JPG,Batik Cap Warak Beras Utah
Batik Cap Warak Beras Utah/Warak Beras Utah (100).JPG,Batik Cap Warak Beras Utah
Batik Cap Warak Beras Utah/Warak Beras Utah (101).JPG,Batik Cap Warak Beras Utah
Batik Cap Warak Beras Utah/Warak Beras Utah (102).JPG,Batik Cap Warak Beras Utah
Batik Cap Warak Beras Utah/Warak Beras Utah (103).JPG,Batik Cap Warak Beras Utah
Batik Cap Warak Beras Utah/Warak Beras Utah (104).JPG,Batik Cap Warak Beras Utah
Batik Cap Warak Beras Utah/Warak Beras Utah (105).JPG,Batik Cap Warak Beras Utah
Batik Cap Warak Beras Utah/Warak Beras Utah (106).JPG,Batik Cap Warak Beras Utah
Batik Cap Warak Beras Utah/Warak Beras Utah (107).JPG,Batik Cap Warak Beras Utah
Batik Cap Warak Beras Utah/Warak Beras Utah (108).JPG,Batik Cap Warak Beras Utah
Batik Cap Warak Beras Utah/Warak Beras Utah (109).JPG,Batik Cap Warak Beras Utah
Batik Cap Warak Beras Utah/Warak Beras Utah (11).JPG,Batik Cap Warak Beras Utah
Batik Cap Warak Beras Utah/Warak Beras Utah (110).JPG,Batik Cap Warak Beras Utah
Batik Cap Warak Beras Utah/Warak Beras Utah (111).JPG,Batik Cap Warak Beras Utah
Batik Cap Warak Beras Utah/Warak Beras Utah (112).JPG,Batik Cap Warak Beras Utah
Batik Cap Warak Beras Utah/Warak Beras Utah (113).JPG,Batik Cap Warak Beras Utah
Batik Cap Warak Beras Utah/Warak Beras Utah (114).JPG,Batik Cap Warak Beras Utah
Batik Cap Warak Beras Utah/Warak Beras Utah (115).JPG,Batik Cap Warak Beras Utah
Batik Cap Warak Beras Utah/Warak Beras Utah (116).JPG,Batik Cap Warak Beras Utah
Batik Cap Warak Beras Utah/Warak Beras Utah (117).JPG,Batik Cap Warak Beras Utah
Batik Cap Warak Beras Utah/Warak Beras Utah (118).JPG,Batik Cap Warak Beras Utah
Batik Cap Warak Beras Utah/Warak Beras Utah (119).JPG,Batik Cap Warak Beras Utah
Batik Cap Warak Beras Utah/Warak Beras Utah (12).JPG,Batik Cap Warak Beras Utah
Batik Cap Warak Beras Utah/Warak Beras Utah (120).JPG,Batik Cap Warak Beras Utah
Batik Cap Warak Beras Utah/Warak Beras Utah (121).JPG,Batik Cap Warak Beras Utah
Batik Cap Warak Beras Utah/Warak Beras Utah (122).JPG,Batik Cap Warak Beras Utah
Batik Cap Warak Beras Utah/Warak Beras Utah (123).JPG,Batik Cap Warak Beras Utah
Batik Cap Warak Beras Utah/Warak Beras Utah (124).JPG,Batik Cap Warak Beras Utah
Batik Cap Warak Beras Utah/Warak Beras Utah (125).JPG,Batik Cap Warak Beras Utah
Batik Cap Warak Beras Utah/Warak Beras Utah (126).JPG,Batik Cap Warak Beras Utah
Batik Cap Warak Beras Utah/Warak Beras Utah (127).JPG,Batik Cap Warak Beras Utah
Batik Cap Warak Beras Utah/Warak Beras Utah (128).JPG,Batik Cap Warak Beras Utah
Batik Cap Warak Beras Utah/Warak Beras Utah (129).JPG,Batik Cap Warak Beras Utah
Batik Cap Warak Beras Utah/Warak Beras Utah (13).JPG,Batik Cap Warak Beras Utah
Batik Cap Warak Beras Utah/Warak Beras Utah (130).JPG,Batik Cap Warak Beras Utah
Batik Cap Warak Beras Utah/Warak Beras Utah (131).JPG,Batik Cap Warak Beras Utah
Batik Cap Warak Beras Utah/Warak Beras Utah (132).JPG,Batik Cap Warak Beras Utah
Batik Cap Warak Beras Utah/Warak Beras Utah (133).JPG,Batik Cap Warak Beras Utah
Batik Cap Warak Beras Utah/Warak Beras Utah (134).JPG,Batik Cap Warak Beras Utah
Batik Cap Warak Beras Utah/Warak Beras Utah (135).JPG,Batik Cap Warak Beras Utah
Batik Cap Warak Beras Utah/Warak Beras Utah (136).JPG,Batik Cap Warak Beras Utah
Batik Cap Warak Beras Utah/Warak Beras Utah (137).JPG,Batik Cap Warak Beras Utah
Batik Cap Warak Beras Utah/Warak Beras Utah (138).JPG,Batik Cap Warak Beras Utah
Batik Cap Warak Beras Utah/Warak Beras Utah (139).JPG,Batik Cap Warak Beras Utah
Batik Cap Warak Beras Utah/Warak Beras Utah (14).JPG,Batik Cap Warak Beras Utah
Batik Cap Warak Beras Utah/Warak Beras Utah (140).JPG,Batik Cap Warak Beras Utah
Batik Cap Warak Beras Utah/Warak Beras Utah (141).JPG,Batik Cap Warak Beras Utah
Batik Cap Warak Beras Utah/Warak Beras Utah (142).JPG,Batik Cap Warak Beras Utah
Batik Cap Warak Beras Utah/Warak Beras Utah (143).JPG,Batik Cap Warak Beras Utah
Batik Cap Warak Beras Utah/Warak Beras Utah (144).JPG,Batik Cap Warak Beras Utah
Batik Cap Warak Beras Utah/Warak Beras Utah (145).JPG,Batik Cap Warak Beras Utah
Batik Cap Warak Beras Utah/Warak Beras Utah (146).JPG,Batik Cap Warak Beras Utah
Batik Cap Warak Beras Utah/Warak Beras Utah (147).JPG,Batik Cap Warak Beras Utah
Batik Cap Warak Beras Utah/Warak Beras Utah (148).JPG,Batik Cap Warak Beras Utah
Batik Cap Warak Beras Utah/Warak Beras Utah (149).JPG,Batik Cap Warak Beras Utah
Batik Cap Warak Beras Utah/Warak Beras Utah (15).JPG,Batik Cap Warak Beras Utah
Batik Cap Warak Beras Utah/Warak Beras Utah (150).JPG,Batik Cap Warak Beras Utah
Batik Cap Warak Beras Utah/Warak Beras Utah (151).JPG,Batik Cap Warak Beras Utah
Batik Cap Warak Beras Utah/Warak Beras Utah (152).JPG,Batik Cap Warak Beras Utah
Batik Cap Warak Beras Utah/Warak Beras Utah (153).JPG,Batik Cap Warak Beras Utah
Batik Cap Warak Beras Utah/Warak Beras Utah (154).JPG,Batik Cap Warak Beras Utah
Batik Cap Warak Beras Utah/Warak Beras Utah (155).JPG,Batik Cap Warak Beras Utah
Batik Cap Warak Beras Utah/Warak Beras Utah (156).JPG,Batik Cap Warak Beras Utah
Batik Cap Warak Beras Utah/Warak Beras Utah (157).JPG,Batik Cap Warak Beras Utah
Batik Cap Warak Beras Utah/Warak Beras Utah (158).JPG,Batik Cap Warak Beras Utah
Batik Cap Warak Beras Utah/Warak Beras Utah (159).JPG,Batik Cap Warak Beras Utah
Batik Cap Warak Beras Utah/Warak Beras Utah (16).JPG,Batik Cap Warak Beras Utah
Batik Cap Warak Beras Utah/Warak Beras Utah (160).JPG,Batik Cap Warak Beras Utah
Batik Cap Warak Beras Utah/Warak Beras Utah (161).JPG,Batik Cap Warak Beras Utah
Batik Cap Warak Beras Utah/Warak Beras Utah (162).JPG,Batik Cap Warak Beras Utah
Batik Cap Warak Beras Utah/Warak Beras Utah (163).JPG,Batik Cap Warak Beras Utah
Batik Cap Warak Beras Utah/Warak Beras Utah (164).JPG,Batik Cap Warak Beras Utah
Batik Cap Warak Beras Utah/Warak Beras Utah (165).JPG,Batik Cap Warak Beras Utah
Batik Cap Warak Beras Utah/Warak Beras Utah (166).JPG,Batik Cap Warak Beras Utah
Batik Cap Warak Beras Utah/Warak Beras Utah (167).JPG,Batik Cap Warak Beras Utah
Batik Cap Warak Beras Utah/Warak Beras Utah (168).JPG,Batik Cap Warak Beras Utah
Batik Cap Warak Beras Utah/Warak Beras Utah (169).JPG,Batik Cap Warak Beras Utah
Batik Cap Warak Beras Utah/Warak Beras Utah (17).JPG,Batik Cap Warak Beras Utah
Batik Cap Warak Beras Utah/Warak Beras Utah (170).JPG,Batik Cap Warak Beras Utah
Batik Cap Warak Beras Utah/Warak Beras Utah (171).JPG,Batik Cap Warak Beras Utah
Batik Cap Warak Beras Utah/Warak Beras Utah (172).JPG,Batik Cap Warak Beras Utah
Batik Cap Warak Beras Utah/Warak Beras Utah (173).JPG,Batik Cap Warak Beras Utah
Batik Cap Warak Beras Utah/Warak Beras Utah (174).JPG,Batik Cap Warak Beras Utah
Batik Cap Warak Beras Utah/Warak Beras Utah (175).JPG,Batik Cap Warak Beras Utah
Batik Cap Warak Beras Utah/Warak Beras Utah (176).JPG,Batik Cap Warak Beras Utah
Batik Cap Warak Beras Utah/Warak Beras Utah (177).JPG,Batik Cap Warak Beras Utah
Batik Cap Warak Beras Utah/Warak Beras Utah (178).JPG,Batik Cap Warak Beras Utah
Batik Cap Warak Beras Utah/Warak Beras Utah (179).JPG,Batik Cap Warak Beras Utah
Batik Cap Warak Beras Utah/Warak Beras Utah (18).JPG,Batik Cap Warak Beras Utah
Batik Cap Warak Beras Utah/Warak Beras Utah (180).JPG,Batik Cap Warak Beras Utah
Batik Cap Warak Beras Utah/Warak Beras Utah (181).JPG,Batik Cap Warak Beras Utah
Batik Cap Warak Beras Utah/Warak Beras Utah (185).JPG,Batik Cap Warak Beras Utah
Batik Cap Warak Beras Utah/Warak Beras Utah (189).JPG,Batik Cap Warak Beras Utah
Batik Cap Warak Beras Utah/Warak Beras Utah (19).JPG,Batik Cap Warak Beras Utah
Batik Cap Warak Beras Utah/Warak Beras Utah (193).JPG,Batik Cap Warak Beras Utah
Batik Cap Warak Beras Utah/Warak Beras Utah (194).JPG,Batik Cap Warak Beras Utah
Batik Cap Warak Beras Utah/Warak Beras Utah (195).JPG,Batik Cap Warak Beras Utah
Batik Cap Warak Beras Utah/Warak Beras Utah (196).JPG,Batik Cap Warak Beras Utah
Batik Cap Warak Beras Utah/Warak Beras Utah (2).JPG,Batik Cap Warak Beras Utah
Batik Cap Warak Beras Utah/Warak Beras Utah (20).JPG,Batik Cap Warak Beras Utah
Batik Cap Warak Beras Utah/Warak Beras Utah (205).JPG,Batik Cap Warak Beras Utah
Batik Cap Warak Beras Utah/Warak Beras Utah (206).JPG,Batik Cap Warak Beras Utah
Batik Cap Warak Beras Utah/Warak Beras Utah (207).JPG,Batik Cap Warak Beras Utah
Batik Cap Warak Beras Utah/Warak Beras Utah (208).JPG,Batik Cap Warak Beras Utah
Batik Cap Warak Beras Utah/Warak Beras Utah (209).JPG,Batik Cap Warak Beras Utah
Batik Cap Warak Beras Utah/Warak Beras Utah (21).JPG,Batik Cap Warak Beras Utah
Batik Cap Warak Beras Utah/Warak Beras Utah (210).JPG,Batik Cap Warak Beras Utah
Batik Cap Warak Beras Utah/Warak Beras Utah (211).JPG,Batik Cap Warak Beras Utah
Batik Cap Warak Beras Utah/Warak Beras Utah (212).JPG,Batik Cap Warak Beras Utah
Batik Cap Warak Beras Utah/Warak Beras Utah (213).JPG,Batik Cap Warak Beras Utah
Batik Cap Warak Beras Utah/Warak Beras Utah (214).JPG,Batik Cap Warak Beras Utah
Batik Cap Warak Beras Utah/Warak Beras Utah (215).JPG,Batik Cap Warak Beras Utah
Batik Cap Warak Beras Utah/Warak Beras Utah (216).JPG,Batik Cap Warak Beras Utah
Batik Cap Warak Beras Utah/Warak Beras Utah (217).JPG,Batik Cap Warak Beras Utah
Batik Cap Warak Beras Utah/Warak Beras Utah (218).JPG,Batik Cap Warak Beras Utah
Batik Cap Warak Beras Utah/Warak Beras Utah (219).JPG,Batik Cap Warak Beras Utah
Batik Cap Warak Beras Utah/Warak Beras Utah (22).JPG,Batik Cap Warak Beras Utah
Batik Cap Warak Beras Utah/Warak Beras Utah (220).JPG,Batik Cap Warak Beras Utah
Batik Cap Warak Beras Utah/Warak Beras Utah (221).JPG,Batik Cap Warak Beras Utah
Batik Cap Warak Beras Utah/Warak Beras Utah (222).JPG,Batik Cap Warak Beras Utah
Batik Cap Warak Beras Utah/Warak Beras Utah (223).JPG,Batik Cap Warak Beras Utah
Batik Cap Warak Beras Utah/Warak Beras Utah (224).JPG,Batik Cap Warak Beras Utah
Batik Cap Warak Beras Utah/Warak Beras Utah (225).JPG,Batik Cap Warak Beras Utah
Batik Cap Warak Beras Utah/Warak Beras Utah (226).JPG,Batik Cap Warak Beras Utah
Batik Cap Warak Beras Utah/Warak Beras Utah (227).JPG,Batik Cap Warak Beras Utah
Batik Cap Warak Beras Utah/Warak Beras Utah (228).JPG,Batik Cap Warak Beras Utah
Batik Cap Warak Beras Utah/Warak Beras Utah (229).JPG,Batik Cap Warak Beras Utah
Batik Cap Warak Beras Utah/Warak Beras Utah (23).JPG,Batik Cap Warak Beras Utah
Batik Cap Warak Beras Utah/Warak Beras Utah (230).JPG,Batik Cap Warak Beras Utah
Batik Cap Warak Beras Utah/Warak Beras Utah (231).JPG,Batik Cap Warak Beras Utah
Batik Cap Warak Beras Utah/Warak Beras Utah (232).JPG,Batik Cap Warak Beras Utah
Batik Cap Warak Beras Utah/Warak Beras Utah (233).JPG,Batik Cap Warak Beras Utah
Batik Cap Warak Beras Utah/Warak Beras Utah (234).JPG,Batik Cap Warak Beras Utah
Batik Cap Warak Beras Utah/Warak Beras Utah (235).JPG,Batik Cap Warak Beras Utah
Batik Cap Warak Beras Utah/Warak Beras Utah (236).JPG,Batik Cap Warak Beras Utah
Batik Cap Warak Beras Utah/Warak Beras Utah (24).JPG,Batik Cap Warak Beras Utah
Batik Cap Warak Beras Utah/Warak Beras Utah (245).JPG,Batik Cap Warak Beras Utah
Batik Cap Warak Beras Utah/Warak Beras Utah (246).JPG,Batik Cap Warak Beras Utah
Batik Cap Warak Beras Utah/Warak Beras Utah (247).JPG,Batik Cap Warak Beras Utah
Batik Cap Warak Beras Utah/Warak Beras Utah (248).JPG,Batik Cap Warak Beras Utah
Batik Cap Warak Beras Utah/Warak Beras Utah (249).JPG,Batik Cap Warak Beras Utah
Batik Cap Warak Beras Utah/Warak Beras Utah (25).JPG,Batik Cap Warak Beras Utah
Batik Cap Warak Beras Utah/Warak Beras Utah (250).JPG,Batik Cap Warak Beras Utah
Batik Cap Warak Beras Utah/Warak Beras Utah (251).JPG,Batik Cap Warak Beras Utah
Batik Cap Warak Beras Utah/Warak Beras Utah (252).JPG,Batik Cap Warak Beras Utah
Batik Cap Warak Beras Utah/Warak Beras Utah (253).JPG,Batik Cap Warak Beras Utah
Batik Cap Warak Beras Utah/Warak Beras Utah (254).JPG,Batik Cap Warak Beras Utah
Batik Cap Warak Beras Utah/Warak Beras Utah (255).JPG,Batik Cap Warak Beras Utah
Batik Cap Warak Beras Utah/Warak Beras Utah (256).JPG,Batik Cap Warak Beras Utah
Batik Cap Warak Beras Utah/Warak Beras Utah (257).JPG,Batik Cap Warak Beras Utah
Batik Cap Warak Beras Utah/Warak Beras Utah (258).JPG,Batik Cap Warak Beras Utah
Batik Cap Warak Beras Utah/Warak Beras Utah (259).JPG,Batik Cap Warak Beras Utah
Batik Cap Warak Beras Utah/Warak Beras Utah (26).JPG,Batik Cap Warak Beras Utah
Batik Cap Warak Beras Utah/Warak Beras Utah (260).JPG,Batik Cap Warak Beras Utah
Batik Cap Warak Beras Utah/Warak Beras Utah (261).JPG,Batik Cap Warak Beras Utah
Batik Cap Warak Beras Utah/Warak Beras Utah (262).JPG,Batik Cap Warak Beras Utah
Batik Cap Warak Beras Utah/Warak Beras Utah (263).JPG,Batik Cap Warak Beras Utah
Batik Cap Warak Beras Utah/Warak Beras Utah (264).JPG,Batik Cap Warak Beras Utah
Batik Cap Warak Beras Utah/Warak Beras Utah (265).JPG,Batik Cap Warak Beras Utah
Batik Cap Warak Beras Utah/Warak Beras Utah (266).JPG,Batik Cap Warak Beras Utah
Batik Cap Warak Beras Utah/Warak Beras Utah (267).JPG,Batik Cap Warak Beras Utah
Batik Cap Warak Beras Utah/Warak Beras Utah (268).JPG,Batik Cap Warak Beras Utah
Batik Cap Warak Beras Utah/Warak Beras Utah (269).JPG,Batik Cap Warak Beras Utah
Batik Cap Warak Beras Utah/Warak Beras Utah (27).JPG,Batik Cap Warak Beras Utah
Batik Cap Warak Beras Utah/Warak Beras Utah (270).JPG,Batik Cap Warak Beras Utah
Batik Cap Warak Beras Utah/Warak Beras Utah (271).JPG,Batik Cap Warak Beras Utah
Batik Cap Warak Beras Utah/Warak Beras Utah (272).JPG,Batik Cap Warak Beras Utah
Batik Cap Warak Beras Utah/Warak Beras Utah (273).JPG,Batik Cap Warak Beras Utah
Batik Cap Warak Beras Utah/Warak Beras Utah (274).JPG,Batik Cap Warak Beras Utah
Batik Cap Warak Beras Utah/Warak Beras Utah (275).JPG,Batik Cap Warak Beras Utah
Batik Cap Warak Beras Utah/Warak Beras Utah (276).JPG,Batik Cap Warak Beras Utah
Batik Cap Warak Beras Utah/Warak Beras Utah (277).JPG,Batik Cap Warak Beras Utah
Batik Cap Warak Beras Utah/Warak Beras Utah (278).JPG,Batik Cap Warak Beras Utah
Batik Cap Warak Beras Utah/Warak Beras Utah (279).JPG,Batik Cap Warak Beras Utah
Batik Cap Warak Beras Utah/Warak Beras Utah (28).JPG,Batik Cap Warak Beras Utah
Batik Cap Warak Beras Utah/Warak Beras Utah (280).JPG,Batik Cap Warak Beras Utah
Batik Cap Warak Beras Utah/Warak Beras Utah (281).JPG,Batik Cap Warak Beras Utah
Batik Cap Warak Beras Utah/Warak Beras Utah (282).JPG,Batik Cap Warak Beras Utah
Batik Cap Warak Beras Utah/Warak Beras Utah (283).JPG,Batik Cap Warak Beras Utah
Batik Cap Warak Beras Utah/Warak Beras Utah (284).JPG,Batik Cap Warak Beras Utah
Batik Cap Warak Beras Utah/Warak Beras Utah (285).JPG,Batik Cap Warak Beras Utah
Batik Cap Warak Beras Utah/Warak Beras Utah (286).JPG,Batik Cap Warak Beras Utah
Batik Cap Warak Beras Utah/Warak Beras Utah (287).JPG,Batik Cap Warak Beras Utah
Batik Cap Warak Beras Utah/Warak Beras Utah (288).JPG,Batik Cap Warak Beras Utah
Batik Cap Warak Beras Utah/Warak Beras Utah (289).JPG,Batik Cap Warak Beras Utah
Batik Cap Warak Beras Utah/Warak Beras Utah (29).JPG,Batik Cap Warak Beras Utah
Batik Cap Warak Beras Utah/Warak Beras Utah (290).JPG,Batik Cap Warak Beras Utah
Batik Cap Warak Beras Utah/Warak Beras Utah (291).JPG,Batik Cap Warak Beras Utah
Batik Cap Warak Beras Utah/Warak Beras Utah (292).JPG,Batik Cap Warak Beras Utah
Batik Cap Warak Beras Utah/Warak Beras Utah (293).JPG,Batik Cap Warak Beras Utah
Batik Cap Warak Beras Utah/Warak Beras Utah (294).JPG,Batik Cap Warak Beras Utah
Batik Cap Warak Beras Utah/Warak Beras Utah (295).JPG,Batik Cap Warak Beras Utah
Batik Cap Warak Beras Utah/Warak Beras Utah (296).JPG,Batik Cap Warak Beras Utah
Batik Cap Warak Beras Utah/Warak Beras Utah (297).JPG,Batik Cap Warak Beras Utah
Batik Cap Warak Beras Utah/Warak Beras Utah (298).JPG,Batik Cap Warak Beras Utah
Batik Cap Warak Beras Utah/Warak Beras Utah (299).JPG,Batik Cap Warak Beras Utah
Batik Cap Warak Beras Utah/Warak Beras Utah (3).JPG,Batik Cap Warak Beras Utah
Batik Cap Warak Beras Utah/Warak Beras Utah (30).JPG,Batik Cap Warak Beras Utah
Batik Cap Warak Beras Utah/Warak Beras Utah (300).JPG,Batik Cap Warak Beras Utah
Batik Cap Warak Beras Utah/Warak Beras Utah (31).JPG,Batik Cap Warak Beras Utah
Batik Cap Warak Beras Utah/Warak Beras Utah (32).JPG,Batik Cap Warak Beras Utah
Batik Cap Warak Beras Utah/Warak Beras Utah (33).JPG,Batik Cap Warak Beras Utah
Batik Cap Warak Beras Utah/Warak Beras Utah (34).JPG,Batik Cap Warak Beras Utah
Batik Cap Warak Beras Utah/Warak Beras Utah (35).JPG,Batik Cap Warak Beras Utah
Batik Cap Warak Beras Utah/Warak Beras Utah (36).JPG,Batik Cap Warak Beras Utah
Batik Cap Warak Beras Utah/Warak Beras Utah (37).JPG,Batik Cap Warak Beras Utah
Batik Cap Warak Beras Utah/Warak Beras Utah (38).JPG,Batik Cap Warak Beras Utah
Batik Cap Warak Beras Utah/Warak Beras Utah (39).JPG,Batik Cap Warak Beras Utah
Batik Cap Warak Beras Utah/Warak Beras Utah (4).JPG,Batik Cap Warak Beras Utah
Batik Cap Warak Beras Utah/Warak Beras Utah (40).JPG,Batik Cap Warak Beras Utah
Batik Cap Warak Beras Utah/Warak Beras Utah (41).JPG,Batik Cap Warak Beras Utah
Batik Cap Warak Beras Utah/Warak Beras Utah (42).JPG,Batik Cap Warak Beras Utah
Batik Cap Warak Beras Utah/Warak Beras Utah (43).JPG,Batik Cap Warak Beras Utah
Batik Cap Warak Beras Utah/Warak Beras Utah (44).JPG,Batik Cap Warak Beras Utah
Batik Cap Warak Beras Utah/Warak Beras Utah (45).JPG,Batik Cap Warak Beras Utah
Batik Cap Warak Beras Utah/Warak Beras Utah (46).JPG,Batik Cap Warak Beras Utah
Batik Cap Warak Beras Utah/Warak Beras Utah (47).JPG,Batik Cap Warak Beras Utah
Batik Cap Warak Beras Utah/Warak Beras Utah (48).JPG,Batik Cap Warak Beras Utah
Batik Cap Warak Beras Utah/Warak Beras Utah (49).JPG,Batik Cap Warak Beras Utah
Batik Cap Warak Beras Utah/Warak Beras Utah (5).JPG,Batik Cap Warak Beras Utah
Batik Cap Warak Beras Utah/Warak Beras Utah (50).JPG,Batik Cap Warak Beras Utah
Batik Cap Warak Beras Utah/Warak Beras Utah (51).JPG,Batik Cap Warak Beras Utah
Batik Cap Warak Beras Utah/Warak Beras Utah (52).JPG,Batik Cap Warak Beras Utah
Batik Cap Warak Beras Utah/Warak Beras Utah (53).JPG,Batik Cap Warak Beras Utah
Batik Cap Warak Beras Utah/Warak Beras Utah (54).JPG,Batik Cap Warak Beras Utah
Batik Cap Warak Beras Utah/Warak Beras Utah (55).JPG,Batik Cap Warak Beras Utah
Batik Cap Warak Beras Utah/Warak Beras Utah (56).JPG,Batik Cap Warak Beras Utah
Batik Cap Warak Beras Utah/Warak Beras Utah (57).JPG,Batik Cap Warak Beras Utah
Batik Cap Warak Beras Utah/Warak Beras Utah (58).JPG,Batik Cap Warak Beras Utah
Batik Cap Warak Beras Utah/Warak Beras Utah (59).JPG,Batik Cap Warak Beras Utah
Batik Cap Warak Beras Utah/Warak Beras Utah (6).JPG,Batik Cap Warak Beras Utah
Batik Cap Warak Beras Utah/Warak Beras Utah (60).JPG,Batik Cap Warak Beras Utah
Batik Cap Warak Beras Utah/Warak Beras Utah (61).JPG,Batik Cap Warak Beras Utah
Batik Cap Warak Beras Utah/Warak Beras Utah (62).JPG,Batik Cap Warak Beras Utah
Batik Cap Warak Beras Utah/Warak Beras Utah (63).JPG,Batik Cap Warak Beras Utah
Batik Cap Warak Beras Utah/Warak Beras Utah (64).JPG,Batik Cap Warak Beras Utah
Batik Cap Warak Beras Utah/Warak Beras Utah (65).JPG,Batik Cap Warak Beras Utah
Batik Cap Warak Beras Utah/Warak Beras Utah (66).JPG,Batik Cap Warak Beras Utah
Batik Cap Warak Beras Utah/Warak Beras Utah (67).JPG,Batik Cap Warak Beras Utah
Batik Cap Warak Beras Utah/Warak Beras Utah (68).JPG,Batik Cap Warak Beras Utah
Batik Cap Warak Beras Utah/Warak Beras Utah (69).JPG,Batik Cap Warak Beras Utah
Batik Cap Warak Beras Utah/Warak Beras Utah (7).JPG,Batik Cap Warak Beras Utah
Batik Cap Warak Beras Utah/Warak Beras Utah (70).JPG,Batik Cap Warak Beras Utah
Batik Cap Warak Beras Utah/Warak Beras Utah (71).JPG,Batik Cap Warak Beras Utah
Batik Cap Warak Beras Utah/Warak Beras Utah (72).JPG,Batik Cap Warak Beras Utah
Batik Cap Warak Beras Utah/Warak Beras Utah (73).JPG,Batik Cap Warak Beras Utah
Batik Cap Warak Beras Utah/Warak Beras Utah (74).JPG,Batik Cap Warak Beras Utah
Batik Cap Warak Beras Utah/Warak Beras Utah (75).JPG,Batik Cap Warak Beras Utah
Batik Cap Warak Beras Utah/Warak Beras Utah (76).JPG,Batik Cap Warak Beras Utah
Batik Cap Warak Beras Utah/Warak Beras Utah (77).JPG,Batik Cap Warak Beras Utah
Batik Cap Warak Beras Utah/Warak Beras Utah (78).JPG,Batik Cap Warak Beras Utah
Batik Cap Warak Beras Utah/Warak Beras Utah (79).JPG,Batik Cap Warak Beras Utah
Batik Cap Warak Beras Utah/Warak Beras Utah (8).JPG,Batik Cap Warak Beras Utah
Batik Cap Warak Beras Utah/Warak Beras Utah (80).JPG,Batik Cap Warak Beras Utah
Batik Cap Warak Beras Utah/Warak Beras Utah (81).JPG,Batik Cap Warak Beras Utah
Batik Cap Warak Beras Utah/Warak Beras Utah (82).JPG,Batik Cap Warak Beras Utah
Batik Cap Warak Beras Utah/Warak Beras Utah (83).JPG,Batik Cap Warak Beras Utah
Batik Cap Warak Beras Utah/Warak Beras Utah (84).JPG,Batik Cap Warak Beras Utah
Batik Cap Warak Beras Utah/Warak Beras Utah (85).JPG,Batik Cap Warak Beras Utah
Batik Cap Warak Beras Utah/Warak Beras Utah (86).JPG,Batik Cap Warak Beras Utah
Batik Cap Warak Beras Utah/Warak Beras Utah (87).JPG,Batik Cap Warak Beras Utah
Batik Cap Warak Beras Utah/Warak Beras Utah (88).JPG,Batik Cap Warak Beras Utah
Batik Cap Warak Beras Utah/Warak Beras Utah (89).JPG,Batik Cap Warak Beras Utah
Batik Cap Warak Beras Utah/Warak Beras Utah (9).JPG,Batik Cap Warak Beras Utah
Batik Cap Warak Beras Utah/Warak Beras Utah (90).JPG,Batik Cap Warak Beras Utah
Batik Cap Warak Beras Utah/Warak Beras Utah (91).JPG,Batik Cap Warak Beras Utah
Batik Cap Warak Beras Utah/Warak Beras Utah (92).JPG,Batik Cap Warak Beras Utah
Batik Cap Warak Beras Utah/Warak Beras Utah (93).JPG,Batik Cap Warak Beras Utah
Batik Cap Warak Beras Utah/Warak Beras Utah (94).JPG,Batik Cap Warak Beras Utah
Batik Cap Warak Beras Utah/Warak Beras Utah (95).JPG,Batik Cap Warak Beras Utah
Batik Cap Warak Beras Utah/Warak Beras Utah (96).JPG,Batik Cap Warak Beras Utah
Batik Cap Warak Beras Utah/Warak Beras Utah (97).JPG,Batik Cap Warak Beras Utah
Batik Cap Warak Beras Utah/Warak Beras Utah (98).JPG,Batik Cap Warak Beras Utah
Batik Cap Warak Beras Utah/Warak Beras Utah (99).JPG,Batik Cap Warak Beras Utah
